--
-- PostgreSQL database dump
--

-- Dumped from database version 16.3
-- Dumped by pg_dump version 16.1

SET statement_timeout = 0;
SET lock_timeout = 0;
SET idle_in_transaction_session_timeout = 0;
SET client_encoding = 'UTF8';
SET standard_conforming_strings = on;
SELECT pg_catalog.set_config('search_path', '', false);
SET check_function_bodies = false;
SET xmloption = content;
SET client_min_messages = warning;
SET row_security = off;

SET default_tablespace = '';

SET default_table_access_method = heap;

--
-- Name: __EFMigrationsHistory; Type: TABLE; Schema: public; Owner: -
--

CREATE TABLE public."__EFMigrationsHistory" (
    "MigrationId" character varying(150) NOT NULL,
    "ProductVersion" character varying(32) NOT NULL
);


--
-- Name: footnote; Type: TABLE; Schema: public; Owner: -
--

CREATE TABLE public.footnote (
    "Id" integer NOT NULL,
    "Note" text NOT NULL,
    "Source" text,
    "Type" integer NOT NULL
);


--
-- Name: TABLE footnote; Type: COMMENT; Schema: public; Owner: -
--

COMMENT ON TABLE public.footnote IS 'Sage advice';


--
-- Name: footnote_Id_seq; Type: SEQUENCE; Schema: public; Owner: -
--

ALTER TABLE public.footnote ALTER COLUMN "Id" ADD GENERATED BY DEFAULT AS IDENTITY (
    SEQUENCE NAME public."footnote_Id_seq"
    START WITH 1
    INCREMENT BY 1
    NO MINVALUE
    NO MAXVALUE
    CACHE 1
);


--
-- Name: ingredient; Type: TABLE; Schema: public; Owner: -
--

CREATE TABLE public.ingredient (
    "Id" integer NOT NULL,
    "UserId" integer,
    "Name" text NOT NULL,
    "Notes" text,
    "DisabledReason" text,
    "SkipShoppingList" boolean DEFAULT false NOT NULL,
    "Allergens" bigint DEFAULT 0 NOT NULL,
    "GramsPerMeasure" double precision DEFAULT 0 NOT NULL,
    "GramsPerServing" double precision DEFAULT 0 NOT NULL,
    "LastUpdated" date DEFAULT '-infinity'::date NOT NULL,
    "DefaultMeasure" integer DEFAULT 0 NOT NULL,
    "GramsPerCup" double precision DEFAULT 0.0 NOT NULL
);


--
-- Name: TABLE ingredient; Type: COMMENT; Schema: public; Owner: -
--

COMMENT ON TABLE public.ingredient IS 'Recipes listed on the website';


--
-- Name: ingredient_alternative; Type: TABLE; Schema: public; Owner: -
--

CREATE TABLE public.ingredient_alternative (
    "IngredientId" integer NOT NULL,
    "AlternativeIngredientId" integer NOT NULL
);


--
-- Name: TABLE ingredient_alternative; Type: COMMENT; Schema: public; Owner: -
--

COMMENT ON TABLE public.ingredient_alternative IS 'Alternative ingredients';


--
-- Name: nutrient; Type: TABLE; Schema: public; Owner: -
--

CREATE TABLE public.nutrient (
    "Id" integer NOT NULL,
    "IngredientId" integer,
    "Nutrients" bigint NOT NULL,
    "Notes" text,
    "DisabledReason" text,
    "Measure" integer DEFAULT 0 NOT NULL,
    "Value" double precision DEFAULT 0 NOT NULL,
    "Synthetic" boolean DEFAULT false NOT NULL
);


--
-- Name: TABLE nutrient; Type: COMMENT; Schema: public; Owner: -
--

COMMENT ON TABLE public.nutrient IS 'Recipes listed on the website';


--
-- Name: nutrient_Id_seq; Type: SEQUENCE; Schema: public; Owner: -
--

ALTER TABLE public.nutrient ALTER COLUMN "Id" ADD GENERATED BY DEFAULT AS IDENTITY (
    SEQUENCE NAME public."nutrient_Id_seq"
    START WITH 1
    INCREMENT BY 1
    NO MINVALUE
    NO MAXVALUE
    CACHE 1
);


--
-- Name: recipe; Type: TABLE; Schema: public; Owner: -
--

CREATE TABLE public.recipe (
    "Id" integer NOT NULL,
    "Name" text NOT NULL,
    "Notes" text,
    "DisabledReason" text,
    "UserId" integer DEFAULT 0,
    "Section" integer DEFAULT 0 NOT NULL,
    "CookTime" integer DEFAULT 0 NOT NULL,
    "PrepTime" integer DEFAULT 0 NOT NULL,
    "Servings" integer DEFAULT 0 NOT NULL,
    "AdjustableServings" boolean DEFAULT false NOT NULL,
    "Equipment" integer DEFAULT 0 NOT NULL,
    "Image" text
);


--
-- Name: TABLE recipe; Type: COMMENT; Schema: public; Owner: -
--

COMMENT ON TABLE public.recipe IS 'Recipes listed on the website';


--
-- Name: recipe_ingredient; Type: TABLE; Schema: public; Owner: -
--

CREATE TABLE public.recipe_ingredient (
    "Id" integer NOT NULL,
    "Measure" integer NOT NULL,
    "Notes" text,
    "DisabledReason" text,
    "RecipeId" integer NOT NULL,
    "QuantityDenominator" integer DEFAULT 0 NOT NULL,
    "QuantityNumerator" integer DEFAULT 0 NOT NULL,
    "Attributes" text,
    "IngredientId" integer DEFAULT 0,
    "Optional" boolean DEFAULT false NOT NULL,
    "IngredientRecipeId" integer
);


--
-- Name: TABLE recipe_ingredient; Type: COMMENT; Schema: public; Owner: -
--

COMMENT ON TABLE public.recipe_ingredient IS 'Recipes listed on the website';


--
-- Name: recipe_instruction; Type: TABLE; Schema: public; Owner: -
--

CREATE TABLE public.recipe_instruction (
    "Id" integer NOT NULL,
    "Name" text NOT NULL,
    "Notes" text,
    "DisabledReason" text,
    "RecipeId" integer NOT NULL,
    "Order" integer DEFAULT 0 NOT NULL
);


--
-- Name: TABLE recipe_instruction; Type: COMMENT; Schema: public; Owner: -
--

COMMENT ON TABLE public.recipe_instruction IS 'Recipes listed on the website';


--
-- Name: user; Type: TABLE; Schema: public; Owner: -
--

CREATE TABLE public."user" (
    "Id" integer NOT NULL,
    "Email" text NOT NULL,
    "AcceptedTerms" boolean NOT NULL,
    "FootnoteType" integer NOT NULL,
    "SendDays" integer NOT NULL,
    "SendHour" integer NOT NULL,
    "CreatedDate" date NOT NULL,
    "Verbosity" integer NOT NULL,
    "LastActive" date,
    "NewsletterDisabledReason" text,
    "Features" integer NOT NULL,
    "FootnoteCountTop" integer NOT NULL,
    "FootnoteCountBottom" integer NOT NULL,
    "MaxIngredients" integer,
    "ExcludeAllergens" bigint DEFAULT 0 NOT NULL,
    "AtLeastXServingsPerRecipe" integer DEFAULT 0 NOT NULL,
    "AtLeastXUniqueNutrientsPerRecipe" integer DEFAULT 0 NOT NULL,
    "Equipment" integer DEFAULT 0 NOT NULL
);


--
-- Name: TABLE "user"; Type: COMMENT; Schema: public; Owner: -
--

COMMENT ON TABLE public."user" IS 'User who signed up for the newsletter';


--
-- Name: user_Id_seq; Type: SEQUENCE; Schema: public; Owner: -
--

ALTER TABLE public."user" ALTER COLUMN "Id" ADD GENERATED BY DEFAULT AS IDENTITY (
    SEQUENCE NAME public."user_Id_seq"
    START WITH 1
    INCREMENT BY 1
    NO MINVALUE
    NO MAXVALUE
    CACHE 1
);


--
-- Name: user_email; Type: TABLE; Schema: public; Owner: -
--

CREATE TABLE public.user_email (
    "Id" integer NOT NULL,
    "Date" date NOT NULL,
    "SendAfter" timestamp with time zone NOT NULL,
    "UserId" integer NOT NULL,
    "SenderId" text,
    "Subject" text NOT NULL,
    "Body" text NOT NULL,
    "Status" integer NOT NULL,
    "SendAttempts" integer NOT NULL,
    "LastError" text
);


--
-- Name: TABLE user_email; Type: COMMENT; Schema: public; Owner: -
--

COMMENT ON TABLE public.user_email IS 'A day''s workout routine';


--
-- Name: user_email_Id_seq; Type: SEQUENCE; Schema: public; Owner: -
--

ALTER TABLE public.user_email ALTER COLUMN "Id" ADD GENERATED BY DEFAULT AS IDENTITY (
    SEQUENCE NAME public."user_email_Id_seq"
    START WITH 1
    INCREMENT BY 1
    NO MINVALUE
    NO MAXVALUE
    CACHE 1
);


--
-- Name: user_family; Type: TABLE; Schema: public; Owner: -
--

CREATE TABLE public.user_family (
    "Id" integer NOT NULL,
    "Person" integer NOT NULL,
    "Weight" integer NOT NULL,
    "CaloriesPerDay" integer NOT NULL,
    "UserId" integer NOT NULL
);


--
-- Name: user_family_Id_seq; Type: SEQUENCE; Schema: public; Owner: -
--

ALTER TABLE public.user_family ALTER COLUMN "Id" ADD GENERATED BY DEFAULT AS IDENTITY (
    SEQUENCE NAME public."user_family_Id_seq"
    START WITH 1
    INCREMENT BY 1
    NO MINVALUE
    NO MAXVALUE
    CACHE 1
);


--
-- Name: user_feast; Type: TABLE; Schema: public; Owner: -
--

CREATE TABLE public.user_feast (
    "Id" integer NOT NULL,
    "UserId" integer NOT NULL,
    "Date" date NOT NULL
);


--
-- Name: TABLE user_feast; Type: COMMENT; Schema: public; Owner: -
--

COMMENT ON TABLE public.user_feast IS 'A day''s workout routine';


--
-- Name: user_feast_Id_seq; Type: SEQUENCE; Schema: public; Owner: -
--

ALTER TABLE public.user_feast ALTER COLUMN "Id" ADD GENERATED BY DEFAULT AS IDENTITY (
    SEQUENCE NAME public."user_feast_Id_seq"
    START WITH 1
    INCREMENT BY 1
    NO MINVALUE
    NO MAXVALUE
    CACHE 1
);


--
-- Name: user_feast_recipe; Type: TABLE; Schema: public; Owner: -
--

CREATE TABLE public.user_feast_recipe (
    "Id" integer NOT NULL,
    "UserFeastId" integer NOT NULL,
    "RecipeId" integer NOT NULL,
    "Order" integer NOT NULL,
    "Section" integer NOT NULL,
    "Scale" integer DEFAULT 0 NOT NULL
);


--
-- Name: TABLE user_feast_recipe; Type: COMMENT; Schema: public; Owner: -
--

COMMENT ON TABLE public.user_feast_recipe IS 'A day''s workout routine';


--
-- Name: user_feast_recipe_Id_seq; Type: SEQUENCE; Schema: public; Owner: -
--

ALTER TABLE public.user_feast_recipe ALTER COLUMN "Id" ADD GENERATED BY DEFAULT AS IDENTITY (
    SEQUENCE NAME public."user_feast_recipe_Id_seq"
    START WITH 1
    INCREMENT BY 1
    NO MINVALUE
    NO MAXVALUE
    CACHE 1
);


--
-- Name: user_footnote; Type: TABLE; Schema: public; Owner: -
--

CREATE TABLE public.user_footnote (
    "Id" integer NOT NULL,
    "UserId" integer NOT NULL,
    "UserLastSeen" date NOT NULL,
    "Note" text NOT NULL,
    "Source" text,
    "Type" integer NOT NULL
);


--
-- Name: TABLE user_footnote; Type: COMMENT; Schema: public; Owner: -
--

COMMENT ON TABLE public.user_footnote IS 'Sage advice';


--
-- Name: user_footnote_Id_seq; Type: SEQUENCE; Schema: public; Owner: -
--

ALTER TABLE public.user_footnote ALTER COLUMN "Id" ADD GENERATED BY DEFAULT AS IDENTITY (
    SEQUENCE NAME public."user_footnote_Id_seq"
    START WITH 1
    INCREMENT BY 1
    NO MINVALUE
    NO MAXVALUE
    CACHE 1
);


--
-- Name: user_ingredient; Type: TABLE; Schema: public; Owner: -
--

CREATE TABLE public.user_ingredient (
    "UserId" integer NOT NULL,
    "IngredientId" integer NOT NULL,
    "SubstituteIngredientId" integer NOT NULL,
    "Ignore" boolean DEFAULT false NOT NULL
);


--
-- Name: user_ingredient_Id_seq; Type: SEQUENCE; Schema: public; Owner: -
--

ALTER TABLE public.ingredient ALTER COLUMN "Id" ADD GENERATED BY DEFAULT AS IDENTITY (
    SEQUENCE NAME public."user_ingredient_Id_seq"
    START WITH 1
    INCREMENT BY 1
    NO MINVALUE
    NO MAXVALUE
    CACHE 1
);


--
-- Name: user_nutrient; Type: TABLE; Schema: public; Owner: -
--

CREATE TABLE public.user_nutrient (
    "Nutrient" bigint NOT NULL,
    "UserId" integer NOT NULL,
    "Start" integer NOT NULL,
    "End" integer NOT NULL
);


--
-- Name: user_recipe; Type: TABLE; Schema: public; Owner: -
--

CREATE TABLE public.user_recipe (
    "UserId" integer NOT NULL,
    "RecipeId" integer NOT NULL,
    "Ignore" boolean NOT NULL,
    "LastSeen" date NOT NULL,
    "Scale" integer DEFAULT 0 NOT NULL,
    "LagRefreshXWeeks" integer DEFAULT 0 NOT NULL,
    "Notes" text,
    "PadRefreshXWeeks" integer DEFAULT 0 NOT NULL,
    "RefreshAfter" date
);


--
-- Name: TABLE user_recipe; Type: COMMENT; Schema: public; Owner: -
--

COMMENT ON TABLE public.user_recipe IS 'User''s progression level of an exercise';


--
-- Name: user_recipe_Id_seq; Type: SEQUENCE; Schema: public; Owner: -
--

ALTER TABLE public.recipe ALTER COLUMN "Id" ADD GENERATED BY DEFAULT AS IDENTITY (
    SEQUENCE NAME public."user_recipe_Id_seq"
    START WITH 1
    INCREMENT BY 1
    NO MINVALUE
    NO MAXVALUE
    CACHE 1
);


--
-- Name: user_recipe_ingredient_Id_seq; Type: SEQUENCE; Schema: public; Owner: -
--

ALTER TABLE public.recipe_ingredient ALTER COLUMN "Id" ADD GENERATED BY DEFAULT AS IDENTITY (
    SEQUENCE NAME public."user_recipe_ingredient_Id_seq"
    START WITH 1
    INCREMENT BY 1
    NO MINVALUE
    NO MAXVALUE
    CACHE 1
);


--
-- Name: user_recipe_instruction_Id_seq; Type: SEQUENCE; Schema: public; Owner: -
--

ALTER TABLE public.recipe_instruction ALTER COLUMN "Id" ADD GENERATED BY DEFAULT AS IDENTITY (
    SEQUENCE NAME public."user_recipe_instruction_Id_seq"
    START WITH 1
    INCREMENT BY 1
    NO MINVALUE
    NO MAXVALUE
    CACHE 1
);


--
-- Name: user_serving; Type: TABLE; Schema: public; Owner: -
--

CREATE TABLE public.user_serving (
    "Section" integer NOT NULL,
    "UserId" integer NOT NULL,
    "Count" integer NOT NULL
);


--
-- Name: user_token; Type: TABLE; Schema: public; Owner: -
--

CREATE TABLE public.user_token (
    "Id" integer NOT NULL,
    "Token" text NOT NULL,
    "UserId" integer NOT NULL,
    "Expires" timestamp with time zone NOT NULL
);


--
-- Name: TABLE user_token; Type: COMMENT; Schema: public; Owner: -
--

COMMENT ON TABLE public.user_token IS 'Auth tokens for a user';


--
-- Name: user_token_Id_seq; Type: SEQUENCE; Schema: public; Owner: -
--

ALTER TABLE public.user_token ALTER COLUMN "Id" ADD GENERATED BY DEFAULT AS IDENTITY (
    SEQUENCE NAME public."user_token_Id_seq"
    START WITH 1
    INCREMENT BY 1
    NO MINVALUE
    NO MAXVALUE
    CACHE 1
);


--
-- Data for Name: __EFMigrationsHistory; Type: TABLE DATA; Schema: public; Owner: -
--

COPY public."__EFMigrationsHistory" ("MigrationId", "ProductVersion") FROM stdin;
20240628172252_AddGramsPerCup	9.0.0-preview.3.24172.4
20240628180036_RemoveCaloriesPerServing	9.0.0-preview.3.24172.4
20240627170238_SquashMigrations	9.0.0-preview.3.24172.4
\.


--
-- Data for Name: footnote; Type: TABLE DATA; Schema: public; Owner: -
--

COPY public.footnote ("Id", "Note", "Source", "Type") FROM stdin;
1	Food experts recommend rinsing dry rice before cooking it because it helps wash away contaminants, heavy metals, dirt and bugs that may be in the rice.	\N	1
2	When reheating rice in the microwave, put a little bit of water in the bowl so it heats up fluffy again.	\N	1
\.


--
-- Data for Name: ingredient; Type: TABLE DATA; Schema: public; Owner: -
--

COPY public.ingredient ("Id", "UserId", "Name", "Notes", "DisabledReason", "SkipShoppingList", "Allergens", "GramsPerMeasure", "GramsPerServing", "LastUpdated", "DefaultMeasure", "GramsPerCup") FROM stdin;
5	\N	Garlic	\N	\N	f	0	240	100	-infinity	6	240
18	\N	Breadcrumbs	\N	\N	f	32	240	100	-infinity	6	240
210	\N	Flatbread	https://www.eatthismuch.com/food/nutrition/whole-wheat-pita,2021396/	\N	f	4	71	71	2024-06-15	6	240
7	\N	Carrots	\N	\N	f	0	240	100	-infinity	6	240
10	\N	Strawberries	\N	\N	f	0	240	100	-infinity	6	240
69	\N	Red Pepper Flakes	\N	\N	t	0	240	100	-infinity	6	240
71	\N	Garlic Powder	\N	\N	f	0	240	100	-infinity	6	240
72	\N	Nutmeg	\N	\N	f	0	240	100	-infinity	6	240
73	\N	Paprika	\N	\N	f	0	240	100	-infinity	6	240
33	\N	Greek Yogurt	\N	\N	f	0	240	100	-infinity	6	240
35	\N	Baking Soda	https://www.eatthismuch.com/food/nutrition/baking-soda,4275	\N	t	0	227	14	-infinity	6	240
36	\N	Granulated Sugar	\N	\N	f	0	240	100	-infinity	6	240
40	\N	Vanilla Extract	\N	\N	t	0	240	100	-infinity	6	240
41	\N	Dry Yeast	\N	\N	f	0	240	100	-infinity	6	240
44	\N	Powdered Sugar	\N	\N	f	0	240	100	-infinity	6	240
45	\N	Pie Crust	\N	\N	f	0	240	100	-infinity	6	240
6	\N	Broccoli	https://www.eatthismuch.com/food/nutrition/broccoli,1885?a=1.0989%3A0	\N	f	0	91	100	-infinity	6	91
15	\N	Yellow Potatoes	https://www.eatthismuch.com/food/nutrition/yellow-potato,528851/	\N	f	0	113	113	2024-06-16	6	240
172	\N	Peaches	\N	\N	f	0	240	100	-infinity	6	240
173	\N	Plums	\N	\N	f	0	240	66	2024-06-14	6	240
174	\N	Lettuce, Romaine	\N	\N	f	0	240	100	-infinity	6	240
47	\N	Chicken Stock	\N	\N	f	0	240	100	-infinity	6	240
175	\N	Tomatoes, Grape	\N	\N	f	0	240	100	-infinity	6	240
113	\N	Hamburger Buns	\N	\N	f	0	240	100	-infinity	6	240
216	\N	Bacon	\N	\N	f	0	240	100	-infinity	6	240
4	\N	Lemons	\N	\N	f	0	240	100	-infinity	6	240
130	\N	Molasses	\N	\N	f	0	240	100	-infinity	6	240
8	\N	Bell Peppers	https://www.eatthismuch.com/food/nutrition/red-bell-pepper,2440/	\N	f	0	119	119	-infinity	6	240
156	\N	Brussel Sprouts	\N	\N	f	0	240	100	-infinity	6	240
157	\N	Pears	\N	\N	f	0	240	100	-infinity	6	240
9	\N	Avocados	https://www.eatthismuch.com/food/nutrition/avocados,1334/	\N	f	0	201	201	-infinity	6	240
168	\N	Allspice	\N	\N	f	0	240	100	-infinity	6	240
19	\N	Spaghetti Pasta	\N	\N	f	0	240	100	-infinity	5	240
2	\N	Parsley	\N	\N	f	0	240	100	-infinity	6	240
159	\N	Watermelon	\N	\N	f	0	240	100	-infinity	6	240
136	\N	Tortillas, Whole-Wheat	\N	\N	f	0	240	100	-infinity	6	240
160	\N	Milk, Cow (1%)	\N	\N	f	0	240	100	-infinity	6	240
161	\N	Milk, Almond	\N	\N	f	4	240	100	-infinity	6	240
162	\N	Milk, Soy	\N	\N	f	64	240	100	-infinity	6	240
114	\N	Pork Loin Fillet	\N	\N	f	0	240	100	-infinity	6	240
13	\N	Cilantro	\N	\N	f	0	240	100	-infinity	6	240
14	\N	Basil	https://www.eatthismuch.com/food/nutrition/basil,178	\N	f	0	2	2	-infinity	7	240
20	\N	Quinoa	https://www.eatthismuch.com/food/nutrition/quinoa,4800	\N	f	0	170	170	2024-06-27	6	240
30	\N	Cheese, Chedder	\N	\N	f	0	240	100	-infinity	6	240
37	\N	Brown Sugar	\N	\N	f	0	240	100	-infinity	6	240
38	\N	All-Purpose Flour	https://www.eatthismuch.com/food/nutrition/all-purpose-flour,101736/	\N	t	4	120	30	2024-06-26	6	240
115	\N	Dr. Pepper	\N	\N	f	0	240	100	-infinity	6	240
23	\N	Tortillas, Flour	https://www.eatthismuch.com/calories/flour-tortillas,101262	\N	f	0	45	45	2024-06-16	6	240
50	\N	Jam, Grape	\N	\N	f	0	240	100	-infinity	6	240
158	\N	Sunflower Seeds	https://www.eatthismuch.com/food/nutrition/raw-sunflower-seeds,135248/	\N	f	0	132	33	-infinity	6	132
127	\N	Apple Sauce	\N	\N	f	0	240	100	-infinity	6	240
140	\N	Chives	https://www.eatthismuch.com/food/nutrition/chives,1937/	\N	f	0	3	3	2024-06-25	7	240
171	\N	Heavy Cream	\N	\N	f	0	240	100	-infinity	6	240
186	\N	Milk	https://www.eatthismuch.com/food/nutrition/whole-milk,161/	\N	f	3	244	244	-infinity	6	240
98	\N	Rice, Brown	https://www.eatthismuch.com/food/nutrition/brown-rice,4804	\N	f	0	190	190	-infinity	6	240
205	\N	Mixed Beans	\N	\N	f	0	240	100	-infinity	6	240
51	\N	Tuna	\N	\N	f	128	240	100	-infinity	6	240
52	\N	Coffee	\N	\N	f	0	240	100	2024-06-16	6	240
53	\N	Earl Gray Tea	\N	\N	f	0	240	100	-infinity	6	240
17	\N	Tomatoes	https://www.eatthismuch.com/food/nutrition/tomatoes,2226/	\N	f	0	123	123	-infinity	6	240
42	\N	Chocolate Chips	\N	\N	f	0	240	100	2024-06-09	6	240
43	\N	Cocoa Powder	\N	\N	f	0	240	100	2024-06-21	6	240
46	\N	Pizza Crust	\N	\N	f	0	240	100	-infinity	6	240
59	\N	Ketchup	https://www.eatthismuch.com/food/nutrition/ketchup,5817/	\N	t	0	240	240	-infinity	6	240
12	\N	Limes	https://www.eatthismuch.com/calories/limes,1438	\N	f	0	240	67	2024-06-10	6	240
176	\N	Avocado Oil	\N	\N	f	256	240	100	-infinity	6	240
178	\N	Milk, Coconut	\N	\N	f	4	240	100	-infinity	6	240
179	\N	Milk, Oat	\N	\N	f	0	240	100	-infinity	6	240
62	\N	Soy Sauce	\N	\N	f	0	240	100	-infinity	6	240
63	\N	Steak Sauce	\N	\N	f	0	240	100	-infinity	6	240
64	\N	Hot Sauce	\N	\N	f	0	240	100	-infinity	6	240
65	\N	Buffalo Sauce	\N	\N	f	0	240	100	-infinity	6	240
85	\N	White Wine	\N	\N	f	0	240	100	-infinity	6	240
86	\N	Red Wine	\N	\N	f	0	240	100	-infinity	6	240
27	\N	Deli Turkey	https://www.eatthismuch.com/food/nutrition/deli-sliced-oven-roasted-turkey-breast,101465/	\N	f	0	13	51	2024-06-14	6	240
153	\N	Rice Cakes, Brown	https://www.eatthismuch.com/food/nutrition/brown-rice-cakes,4204545	\N	f	0	35	35	2024-06-11	6	240
169	\N	Multigrain Bread	\N	\N	f	32	240	100	-infinity	6	240
192	\N	Sour Cream, Reduced Fat	https://www.eatthismuch.com/food/nutrition/sour-cream,55/	\N	f	1	230	230	2024-06-09	6	240
197	\N	White Bread Loaf, Gluten Free	https://www.eatthismuch.com/nutrition/gluten-free-bread,14008	\N	f	0	24	24	-infinity	6	240
88	\N	Peanuts	\N	\N	f	8	240	100	-infinity	6	240
133	\N	Evaporated Milk	\N	\N	f	0	240	100	-infinity	6	240
139	\N	Rye Bread	\N	\N	f	32	240	100	-infinity	6	240
149	\N	Green Peas	\N	\N	f	0	240	100	-infinity	6	240
154	\N	Rice Cakes, White	\N	\N	f	0	240	100	-infinity	6	240
49	\N	Jelly, Grape	https://www.eatthismuch.com/nutrition/grape-jelly,1644639	\N	f	0	20	20	2024-06-17	7	240
213	\N	Ciabatta	https://www.eatthismuch.com/nutrition/gluten-free-bread,14008	\N	f	0	24	24	-infinity	6	240
177	\N	Corn Oil	https://www.eatthismuch.com/food/nutrition/corn-oil,300/	\N	f	8192	13.6	13.6	2024-06-22	7	240
202	\N	Mini Bagels, Whole Grain	https://www.eatthismuch.com/food/nutrition/whole-grain-mini-bagels,21207/	\N	f	4	40	40	2024-06-19	6	240
206	\N	Baby Spinach	\N	\N	f	0	240	100	2024-06-09	6	240
16	\N	Spinach	https://www.eatthismuch.com/calories/fresh-spinach,2211687	\N	f	0	57	85	2024-06-10	6	240
200	\N	Pita, Whole Wheat	https://www.eatthismuch.com/food/nutrition/whole-wheat-pita,2021396/	\N	f	4	71	71	2024-06-15	6	240
25	\N	Ground Beef	https://www.eatthismuch.com/nutrition/ground-beef,5416	\N	f	0	28	28	-infinity	4	240
107	\N	Roast Beef	https://www.eatthismuch.com/food/nutrition/roast-beef,484998/	\N	f	0	240	100	-infinity	6	240
204	\N	Wholemeal Linguine	\N	\N	f	32	240	100	-infinity	6	240
214	\N	Salt	https://www.eatthismuch.com/food/nutrition/sea-salt,656072/	\N	t	0	258	1	-infinity	8	240
111	\N	Chicken Broth	https://www.eatthismuch.com/calories/fat-free-chicken-broth,2151436	\N	f	0	240	240	2024-06-28	6	240
56	\N	Peanut Butter	\N	\N	f	0	240	100	-infinity	6	240
60	\N	Mustard	\N	\N	t	0	240	100	-infinity	6	240
89	\N	Pecans	\N	\N	f	4	100	100	-infinity	6	240
207	\N	Edamame	\N	\N	f	0	240	100	-infinity	6	240
208	\N	Scallions	\N	\N	f	0	240	100	-infinity	6	240
31	\N	Milk, Cow (Whole)	\N	\N	f	0	240	100	-infinity	6	240
48	\N	Salsa	\N	\N	f	0	240	100	-infinity	6	240
54	\N	Black Beans	https://www.eatthismuch.com/recipe/nutrition/black-beans,3512	\N	f	0	194	194	-infinity	6	240
55	\N	Pasta Sauce	https://www.eatthismuch.com/food/nutrition/pasta-sauce,871/	\N	f	0	257	257	2024-06-14	6	240
22	\N	Bread Loaf	https://www.eatthismuch.com/calories/loaf-bread,3303048	\N	f	4	34	34	2024-06-15	6	240
101	\N	Sesame Oil	https://www.eatthismuch.com/food/nutrition/sesame-oil,2628816/	\N	f	64	216	13.6	2024-06-11	6	240
181	\N	Milk, Hemp	\N	\N	f	64	240	100	-infinity	6	240
29	\N	Butter	https://www.eatthismuch.com/food/nutrition/butter,1	\N	t	1	240	14	-infinity	6	240
189	\N	Butter, Salted	https://www.eatthismuch.com/food/nutrition/butter,1	\N	t	1	240	100	-infinity	6	240
117	\N	Garlic Toast	\N	\N	f	0	240	100	-infinity	6	240
110	\N	Cabbage	\N	\N	f	0	240	100	-infinity	6	240
106	\N	Beef Bouilion Cubes	\N	\N	f	0	240	100	-infinity	6	240
103	\N	Red Potatoes	\N	\N	f	0	240	100	-infinity	6	240
24	\N	Boneless Chicken Breast	https://www.eatthismuch.com/food/nutrition/boneless-chicken-breasts,4204785	\N	f	0	240	112	2024-06-13	5	240
94	\N	Italian Sausage	\N	\N	f	0	240	100	-infinity	5	240
82	\N	Red Wine Vinegar	\N	\N	f	0	240	100	-infinity	6	240
148	\N	Salad Greens	\N	\N	f	0	240	100	2024-06-09	6	240
182	\N	Milk, Macadamia	https://www.eatthismuch.com/calories/macadamia-milk,1609220	\N	f	16	244.8	244.8	2024-06-24	6	240
190	\N	Butter, Unsalted	https://www.eatthismuch.com/food/nutrition/butter,1	\N	t	1	240	100	-infinity	6	240
183	\N	Milk, Cashew	\N	\N	f	64	240	100	-infinity	6	240
193	\N	White Bread Loaf	\N	\N	f	32	240	100	-infinity	6	240
163	\N	Milk, Cow (Skim)	https://www.eatthismuch.com/food/nutrition/skim-milk,4070520/	\N	f	0	240	240	-infinity	6	240
212	\N	French Bread	https://www.eatthismuch.com/nutrition/gluten-free-bread,14008	\N	f	0	24	24	-infinity	6	240
191	\N	Tortillas	https://www.eatthismuch.com/calories/flour-tortillas,101262	\N	f	0	240	45	-infinity	6	240
187	\N	Eggs	https://www.eatthismuch.com/food/nutrition/egg,103/	\N	f	8	50	50	-infinity	6	240
170	\N	Tortillas, Corn	https://www.livestrong.com/article/418019-the-nutritional-benefits-of-corn-tortillas/	\N	f	8192	240	47	-infinity	6	240
164	\N	Eggs, White	https://www.eatthismuch.com/nutrition/grade-a-large-white-eggs,2010944	\N	f	8	50	50	-infinity	6	240
28	\N	Eggs, Brown	https://www.eatthismuch.com/food/nutrition/egg,103/	\N	f	8	50	50	2024-06-18	6	240
11	\N	Bananas	https://www.eatthismuch.com/food/nutrition/bananas,2120235	\N	f	0	240	126	2024-06-12	6	240
26	\N	Ham	https://www.eatthismuch.com/food/nutrition/sliced-ham,905/	\N	f	0	240	28	-infinity	5	240
126	\N	Kielbasa Sausage	https://www.eatthismuch.com/food/nutrition/kielbasa-sausage,2717250/	\N	f	0	240	100	2024-06-11	5	240
97	\N	Rice, White	https://www.eatthismuch.com/food/nutrition/white-rice,4814/	\N	f	0	200	200	-infinity	6	240
92	\N	Cashews	\N	\N	f	0	240	100	2024-06-12	6	240
21	\N	Rice, Wild	\N	\N	f	0	240	100	-infinity	6	240
32	\N	Sour Cream	https://www.eatthismuch.com/food/nutrition/sour-cream,55/	\N	f	1	230	230	2024-06-09	6	240
180	\N	Quinoa Milk, Vanilla	https://www.eatthismuch.com/food/nutrition/quinoa-milk-vanilla,2308361	\N	f	0	240	240	2024-06-11	6	240
184	\N	Milk, Rice	\N	\N	f	64	240	100	-infinity	6	240
87	\N	Crackers	\N	\N	f	0	240	100	2024-06-10	6	240
135	\N	Monterey Jack Cheese	https://www.eatthismuch.com/calories/monterey-jack-cheese,136752	\N	f	1	240	28	2024-06-09	6	240
146	\N	Wholemeal Rye Bread	\N	\N	f	0	240	100	-infinity	6	240
150	\N	Celery	\N	\N	f	0	240	100	2024-06-12	6	240
166	\N	Pita	https://www.eatthismuch.com/food/nutrition/whole-wheat-pita,2021396/	\N	f	4	71	71	2024-06-15	6	240
58	\N	Baked Beans	\N	\N	f	0	240	100	-infinity	6	240
108	\N	Chicken Bouilion Cubes	\N	\N	f	0	240	100	-infinity	6	240
124	\N	Curry Powder	\N	\N	f	0	240	100	-infinity	6	240
215	\N	Maple Syrup	https://www.eatthismuch.com/calories/mayonnaise,253	\N	f	0	14	14	2024-06-17	7	240
125	\N	Cardamom	\N	\N	f	0	240	100	-infinity	6	240
138	\N	Coriander	\N	\N	f	0	240	100	-infinity	6	240
203	\N	Popcorn	\N	\N	f	0	240	100	-infinity	6	240
105	\N	Red Onions	\N	\N	f	0	240	100	-infinity	6	240
91	\N	Unsalted Tortilla Chips	\N	\N	f	0	240	100	-infinity	6	240
209	\N	Mixed Vegetables	\N	\N	f	0	240	100	-infinity	6	240
34	\N	Baking Powder	https://www.eatthismuch.com/food/nutrition/baking-powder,4274	\N	t	0	15	15	2024-06-20	7	240
90	\N	Walnuts	\N	\N	f	4	240	100	-infinity	6	240
39	\N	Honey	https://www.eatthismuch.com/food/nutrition/honey,4620/	\N	t	0	21	21	2024-06-17	7	240
57	\N	Chickpeas	\N	\N	f	0	240	100	-infinity	6	240
66	\N	Ranch Dressing	\N	\N	f	0	240	100	-infinity	6	240
61	\N	Mayo	https://www.eatthismuch.com/calories/mayonnaise,253	\N	f	0	14	14	2024-06-17	7	240
1	\N	Apples	https://www.eatthismuch.com/food/nutrition/apples,1300/	\N	f	0	182	182	2024-06-14	6	240
3	\N	Yellow Onions	https://www.eatthismuch.com/food/nutrition/yellow-onion,89980/	\N	f	0	148	148	2024-06-13	6	240
67	\N	Black Pepper	\N	\N	t	0	240	100	-infinity	8	240
68	\N	Chili Powder	https://www.eatthismuch.com/food/nutrition/chili-powder,184/	\N	t	0	135	0	-infinity	6	240
76	\N	Coconut Oil	\N	\N	f	0	240	100	-infinity	6	240
80	\N	Apple Cider Vinegar	\N	\N	f	0	240	100	-infinity	6	240
81	\N	Balsamic Vinegar	\N	\N	f	0	240	100	-infinity	6	240
74	\N	Sea Salt	https://www.eatthismuch.com/food/nutrition/sea-salt,656072/	\N	t	0	258	1	-infinity	8	240
75	\N	Kosher Salt	\N	\N	t	0	240	100	-infinity	8	240
77	\N	Olive Oil	https://www.eatthismuch.com/food/nutrition/olive-oil,266/	\N	f	0	14	14	2024-06-13	7	240
78	\N	Vegetable Oil	https://www.eatthismuch.com/food/nutrition/vegetable-oil,4133040/	\N	f	0	14	14	-infinity	7	240
79	\N	Canola Oil	\N	\N	f	0	240	100	-infinity	6	240
84	\N	White Wine Vinegar	https://www.eatthismuch.com/food/nutrition/white-wine-vinegar,27797/	\N	f	0	14	14	2024-06-15	7	240
119	\N	Cheese, Mozzarella	\N	\N	f	1	240	100	-infinity	6	240
155	\N	Cucumber	https://www.eatthismuch.com/food/nutrition/cucumber,1971/	\N	f	0	301	301	2024-06-12	6	240
104	\N	Summer Sausage	https://www.eatthismuch.com/food/nutrition/summer-sausage,2122087/	\N	f	0	240	56	-infinity	5	240
83	\N	Vinegar, Distilled White	https://www.eatthismuch.com/food/nutrition/distilled-white-vinegar,4175275/	\N	f	0	230	14	2024-06-13	6	240
195	\N	Bread Flour	\N	\N	t	0	240	100	-infinity	6	240
199	\N	Deli Ham	https://www.eatthismuch.com/food/nutrition/sliced-ham,905/	\N	f	0	240	28	-infinity	6	240
201	\N	Peanut Butter, Creamy (Reduced Fat)	\N	\N	f	0	240	100	-infinity	6	240
70	\N	Cinnamon	\N	\N	t	0	240	100	-infinity	6	240
93	\N	Refried Beans	\N	\N	f	0	240	100	-infinity	6	240
95	\N	Cheese, Parmesan	\N	\N	f	0	240	100	-infinity	6	240
96	\N	Cheese, Mexican	\N	\N	f	0	240	100	-infinity	6	240
99	\N	Stir-Fry Vegtables	\N	\N	f	0	240	100	-infinity	6	240
100	\N	Teriyaki Sauce	\N	\N	f	0	240	100	-infinity	6	240
102	\N	Lentils	https://www.eatthismuch.com/calories/lentils,3634	\N	f	0	192	192	2024-06-16	6	240
109	\N	Egg Noodles	https://www.eatthismuch.com/food/nutrition/egg-noodles,4865/	\N	f	34	160	160	-infinity	6	240
112	\N	Taco Seasoning	\N	\N	f	0	240	100	-infinity	6	240
116	\N	Barbecue Sauce	\N	\N	f	0	240	100	-infinity	6	240
118	\N	Pizza Sauce	\N	\N	f	0	240	100	-infinity	6	240
120	\N	Pepperoni, Turkey	\N	\N	f	0	240	100	-infinity	6	240
121	\N	Green Beans	https://www.eatthismuch.com/nutrition/green-beans,1868	\N	f	0	29	28	-infinity	4	240
198	\N	Bologna	https://www.eatthismuch.com/food/nutrition/bolonga,129024	\N	f	0	28	28	2024-06-14	4	240
122	\N	Asparagus	\N	\N	f	0	134	16	-infinity	6	240
123	\N	Water	\N	\N	t	0	240	240	2024-06-17	6	240
165	\N	Mini Bagels	https://www.eatthismuch.com/food/nutrition/whole-grain-mini-bagels,21207/	\N	f	4	40	40	2024-06-19	6	240
147	\N	Tomatoes, Cherry	\N	\N	f	0	240	100	-infinity	6	240
144	\N	Spring Onions	https://www.eatthismuch.com/food/nutrition/spring-onions,148275/	\N	f	0	100	100	-infinity	6	240
129	\N	Frozen Meatballs	https://www.eatthismuch.com/calories/meatballs-frozen,587209	\N	f	0	113	113	-infinity	3	240
131	\N	Pinto Beans	\N	\N	f	0	240	100	-infinity	6	240
132	\N	Elbow Macaroni	\N	\N	f	0	240	100	-infinity	6	240
134	\N	Cheese, Pepper Jack	\N	\N	f	1	240	100	-infinity	6	240
137	\N	Linguine	\N	\N	f	32	240	100	-infinity	6	240
141	\N	Oats, Rolled	\N	\N	f	0	240	100	-infinity	6	240
142	\N	Oats, Porridge	\N	\N	f	0	240	100	-infinity	6	240
143	\N	Cumin	\N	\N	f	0	240	100	-infinity	6	240
145	\N	Fusilli Pasta	https://www.eatthismuch.com/calories/fusilli-pasta,2321079	\N	f	4	107	80	2024-06-10	6	240
151	\N	Coconut	\N	\N	f	4	240	100	-infinity	6	240
152	\N	Dates	\N	\N	f	0	240	100	2024-06-15	6	240
167	\N	Naan	\N	\N	f	0	240	100	-infinity	6	240
185	\N	Oats, Steel-Cut	\N	\N	f	0	240	100	-infinity	6	240
188	\N	Rice	\N	\N	f	0	240	100	-infinity	6	240
194	\N	Rice Cakes	\N	\N	f	0	240	100	-infinity	6	240
196	\N	Cornstarch	\N	\N	t	0	240	100	-infinity	6	240
\.


--
-- Data for Name: ingredient_alternative; Type: TABLE DATA; Schema: public; Owner: -
--

COPY public.ingredient_alternative ("IngredientId", "AlternativeIngredientId") FROM stdin;
187	28
187	164
186	184
186	183
186	182
186	181
186	180
186	179
186	178
186	163
186	162
186	161
186	160
186	31
\.


--
-- Data for Name: nutrient; Type: TABLE DATA; Schema: public; Owner: -
--

COPY public.nutrient ("Id", "IngredientId", "Nutrients", "Notes", "DisabledReason", "Measure", "Value", "Synthetic") FROM stdin;
6828	111	68719476736	\N	\N	2	860	f
6829	111	2	\N	\N	3	1	f
6830	111	1	\N	\N	3	1	f
6831	111	62	\N	\N	3	1	f
6832	111	2047	\N	\N	3	5	f
4307	153	128	\N	\N	3	0.1	f
4333	153	1	\N	\N	3	3	f
6713	198	2047	\N	\N	3	89	f
4329	153	68719476736	\N	\N	2	1	f
4232	101	128	\N	\N	3	1.9	f
4234	101	256	\N	\N	3	5.4	f
6649	121	68719476736	\N	\N	2	2	f
6650	121	2	\N	\N	3	1	f
6651	121	1	\N	\N	3	1	f
6652	121	48	\N	\N	3	1	f
6653	121	1984	\N	\N	3	0.1	f
6654	121	62	\N	\N	3	2	f
6655	121	2047	\N	\N	3	9	f
6656	121	34359738368	\N	\N	2	60	f
6657	121	2251799813685248	\N	\N	2	4	f
6658	121	8	\N	\N	3	0.2	f
6659	121	4294967296	\N	\N	2	10	f
6660	121	549755813888	\N	\N	1	5	f
6661	121	2199023255552	\N	\N	2	0.3	f
6662	121	17179869184	\N	\N	2	7	f
6663	121	4398046511104	\N	\N	2	0.1	f
6664	121	70368744177664	\N	\N	2	11	f
6665	121	8796093022208	\N	\N	1	0.2	f
6676	187	128	\N	\N	3	1.6	f
6677	187	256	\N	\N	3	1.8	f
6678	187	68719476736	\N	\N	2	71	f
6679	187	34359738368	\N	\N	2	69	f
6680	187	2	\N	\N	3	0.2	f
6681	187	1	\N	\N	3	6.3	f
6682	187	2048	\N	\N	2	186	f
6683	187	1536	\N	\N	3	1	f
6684	187	1984	\N	\N	3	4.8	f
6685	187	62	\N	\N	3	0.4	f
6686	187	2047	\N	\N	3	71.5	f
6714	140	2047	\N	\N	3	0.9	f
6833	158	128	\N	\N	3	1.5	f
6834	158	256	\N	\N	3	6	f
6835	158	1	\N	\N	3	7	f
6836	158	4294967296	\N	\N	2	40	f
6837	158	2199023255552	\N	\N	2	0.8	f
6838	158	1536	\N	\N	3	8	f
6839	158	48	\N	\N	3	3	f
6840	158	1984	\N	\N	3	17	f
4437	153	2047	\N	\N	3	134	f
6841	158	62	\N	\N	3	7	f
6842	158	2047	\N	\N	3	200	f
3625	28	1984	\N	\N	3	4.8	f
4352	153	48	\N	\N	3	0.4	f
4360	153	62	\N	\N	3	30	f
4361	153	1984	\N	\N	3	0.1	f
4380	180	2	\N	\N	3	2	f
6752	14	68719476736	\N	\N	2	2	f
6753	14	34359738368	\N	\N	2	55	f
6754	14	1	\N	\N	3	0.5	f
6755	14	4294967296	\N	\N	2	47	f
6756	14	2199023255552	\N	\N	2	2	f
6757	14	48	\N	\N	3	1	f
6758	14	1984	\N	\N	3	0.1	f
6759	14	62	\N	\N	3	1	f
6760	14	2047	\N	\N	3	5	f
6843	6	68719476736	\N	\N	2	33	f
6844	6	34359738368	\N	\N	2	316	f
4391	180	4294967296	\N	\N	2	300	f
4397	180	2199023255552	\N	\N	2	1	f
4404	180	68719476736	\N	\N	2	110	f
6727	98	1984	\N	\N	3	5	f
6728	98	2047	\N	\N	3	688	f
6845	6	2	\N	\N	3	2	f
6846	6	1	\N	\N	3	3	f
6847	6	2251799813685248	\N	\N	2	19	f
6848	6	9007199254740992	\N	\N	3	0.1	f
6849	6	18014398509481984	\N	\N	3	0.1	f
6850	6	36028797018963968	\N	\N	3	0.1	f
4408	180	1	\N	\N	3	2	f
6687	25	128	\N	\N	3	2	f
6688	25	68719476736	\N	\N	2	19	f
6689	25	1	\N	\N	3	5	f
6690	25	2048	\N	\N	2	19	f
6691	25	1984	\N	\N	3	4	f
6692	25	2047	\N	\N	3	61	f
6709	54	48	\N	\N	3	30	f
6710	54	1984	\N	\N	3	3	f
6711	54	62	\N	\N	3	121	f
6712	54	2047	\N	\N	3	662	f
6715	129	128	\N	\N	3	6	f
6716	129	68719476736	\N	\N	2	558	f
6717	129	2	\N	\N	3	1	f
6718	129	1	\N	\N	3	19	f
6719	129	2048	\N	\N	2	60	f
6720	129	4294967296	\N	\N	2	80	f
6851	6	72057594037927936	\N	\N	3	0.1	f
6852	6	288230376151711744	\N	\N	3	0.1	f
6853	6	576460752303423488	\N	\N	3	0.1	f
6854	6	2305843009213693952	\N	\N	3	0.1	f
6855	6	-9223372036854775808	\N	\N	3	0.1	f
6856	6	4611686018427387904	\N	\N	3	0.2	f
6857	6	4294967296	\N	\N	2	47	f
6858	6	2199023255552	\N	\N	2	1	f
6859	6	17179869184	\N	\N	2	21	f
6860	6	4398046511104	\N	\N	2	0.2	f
6861	6	70368744177664	\N	\N	2	66	f
6862	6	8796093022208	\N	\N	1	2	f
6721	129	48	\N	\N	3	1	f
6722	129	1984	\N	\N	3	17	f
6723	129	62	\N	\N	3	8	f
6724	129	2047	\N	\N	3	266	f
6725	20	1984	\N	\N	3	10	f
6726	20	2047	\N	\N	3	626	f
6746	38	34359738368	\N	\N	2	35	f
6747	38	1	\N	\N	3	3	f
6748	38	2199023255552	\N	\N	2	0.5	f
6749	38	48	\N	\N	3	0.9	f
6750	38	62	\N	\N	3	22	f
6751	38	2047	\N	\N	3	100	f
6863	6	17592186044416	\N	\N	2	0.4	f
6864	6	32768	\N	\N	1	25	f
6865	6	65536	\N	\N	1	361	f
6866	6	262144	\N	\N	2	0.1	f
6867	6	524288	\N	\N	2	0.1	f
6868	6	1048576	\N	\N	2	1	f
6869	6	2097152	\N	\N	2	1	f
6870	6	4194304	\N	\N	2	0.2	f
6871	6	16777216	\N	\N	1	63	f
6872	6	67108864	\N	\N	2	89	f
6873	6	536870912	\N	\N	2	1	f
6874	6	48	\N	\N	3	3	f
6875	6	3221225472	\N	\N	1	102	f
6876	6	229376	\N	\N	1	31	f
6877	6	1984	\N	\N	3	0.4	f
6878	6	62	\N	\N	3	7	f
6879	6	2047	\N	\N	3	34	f
4434	180	229376	\N	\N	1	150	f
6735	197	2047	\N	\N	3	131	f
4444	11	2	\N	\N	3	21	f
4449	11	1	\N	\N	3	1	f
4464	11	67108864	\N	\N	2	9	f
4435	180	62	\N	\N	3	12	f
4436	180	1984	\N	\N	3	1	f
4479	11	2199023255552	\N	\N	2	0.4	f
6729	144	2047	\N	\N	3	28	f
6730	78	128	\N	\N	3	2	f
6731	78	256	\N	\N	3	3.5	f
6732	78	1536	\N	\N	3	8	f
6733	78	1984	\N	\N	3	14	f
6734	78	2047	\N	\N	3	120	f
6827	186	2047	\N	\N	3	148.8	f
6738	164	128	\N	\N	3	2	f
6740	164	1	\N	\N	3	6	f
6741	164	2048	\N	\N	2	185	f
6742	164	4294967296	\N	\N	2	20	f
6744	164	1984	\N	\N	3	5	f
6745	164	2047	\N	\N	3	70	f
6743	164	2199023255552	\N	\N	2	0.9	f
6739	164	68719476736	\N	\N	2	62	f
4503	11	48	\N	\N	3	4	f
4512	11	62	\N	\N	3	29	f
4513	11	2047	\N	\N	3	110	f
6666	121	17592186044416	\N	\N	2	0.1	f
6667	121	32768	\N	\N	1	20	f
6668	121	65536	\N	\N	1	107	f
6669	121	1048576	\N	\N	2	0.2	f
6670	121	2097152	\N	\N	2	0.1	f
6671	121	16777216	\N	\N	1	9	f
6672	121	67108864	\N	\N	2	3	f
6673	121	536870912	\N	\N	2	0.1	f
6674	121	3221225472	\N	\N	1	4	f
6675	121	229376	\N	\N	1	10	f
6693	182	128	\N	\N	3	0.5	f
6694	182	68719476736	\N	\N	2	110	f
6695	182	2	\N	\N	3	7	f
6696	182	4294967296	\N	\N	2	500	f
6697	182	2199023255552	\N	\N	2	0.4	f
6698	182	1984	\N	\N	3	5	f
6699	182	62	\N	\N	3	8	f
6700	182	2047	\N	\N	3	60	f
6701	122	2047	\N	\N	3	3.2	f
6702	54	128	\N	\N	3	1	f
6703	54	68719476736	\N	\N	2	10	f
6704	54	34359738368	\N	\N	2	2877	f
6705	54	2	\N	\N	3	4	f
6706	54	1	\N	\N	3	32	f
6707	54	4294967296	\N	\N	2	239	f
6708	54	2199023255552	\N	\N	2	10	f
6736	8	1984	\N	\N	3	0.4	f
6737	8	2047	\N	\N	3	36.9	f
6761	20	128	\N	\N	3	1	f
6762	20	256	\N	\N	3	3	f
6763	20	68719476736	\N	\N	2	9	f
6764	20	1	\N	\N	3	24	f
6765	20	2251799813685248	\N	\N	2	119	f
6766	20	9007199254740992	\N	\N	3	1	f
6767	20	18014398509481984	\N	\N	3	1	f
6768	20	36028797018963968	\N	\N	3	1	f
6769	20	72057594037927936	\N	\N	3	1	f
6770	20	144115188075855872	\N	\N	3	1	f
6771	20	288230376151711744	\N	\N	3	1	f
6772	20	576460752303423488	\N	\N	3	1	f
6773	20	1152921504606846976	\N	\N	3	0.3	f
6774	20	2305843009213693952	\N	\N	3	1	f
6775	20	-9223372036854775808	\N	\N	3	1	f
6776	20	4611686018427387904	\N	\N	3	2	f
6777	20	8	\N	\N	3	89	f
6778	20	512	\N	\N	3	0.1	f
6779	20	274877906944	\N	\N	2	1	f
6780	20	17179869184	\N	\N	2	335	f
6781	20	4398046511104	\N	\N	2	3	f
6782	20	70368744177664	\N	\N	2	777	f
6783	20	8796093022208	\N	\N	1	14	f
6784	20	17592186044416	\N	\N	2	5	f
6785	20	65536	\N	\N	1	14	f
6786	20	262144	\N	\N	2	1	f
6787	20	524288	\N	\N	2	1	f
6788	20	1048576	\N	\N	2	3	f
6789	20	2097152	\N	\N	2	1	f
6790	20	4194304	\N	\N	2	1	f
6791	20	16777216	\N	\N	1	313	f
6792	20	536870912	\N	\N	2	4	f
6793	20	1536	\N	\N	3	6	f
6794	20	48	\N	\N	3	12	f
6795	20	229376	\N	\N	1	2	f
6796	20	62	\N	\N	3	109	f
5045	173	2047	\N	\N	3	30.4	f
4515	155	18014398509481984	\N	\N	3	0.1	f
4516	155	36028797018963968	\N	\N	3	0.1	f
4517	155	72057594037927936	\N	\N	3	0.1	f
4519	155	288230376151711744	\N	\N	3	0.1	f
4520	155	576460752303423488	\N	\N	3	0.1	f
4522	155	2305843009213693952	\N	\N	3	0.1	f
4523	155	-9223372036854775808	\N	\N	3	0.1	f
4524	155	4611686018427387904	\N	\N	3	0.1	f
4532	155	2	\N	\N	3	5	f
4534	155	128	\N	\N	3	0.1	f
4539	155	4503599627370496	\N	\N	2	0.3	f
4540	155	2251799813685248	\N	\N	2	18.1	f
4543	155	4294967296	\N	\N	2	48.2	f
4546	155	274877906944	\N	\N	1	0.1	f
4547	155	549755813888	\N	\N	1	3.9	f
4549	155	2199023255552	\N	\N	2	0.8	f
4550	155	17179869184	\N	\N	2	39.1	f
4551	155	4398046511104	\N	\N	2	0.2	f
4553	155	70368744177664	\N	\N	2	72.2	f
4554	155	34359738368	\N	\N	2	442.5	f
4555	155	8796093022208	\N	\N	1	0.9	f
4556	155	68719476736	\N	\N	2	6	f
4559	155	17592186044416	\N	\N	2	0.6	f
4560	155	1	\N	\N	3	2	f
4564	155	262144	\N	\N	2	0.1	f
4566	155	524288	\N	\N	2	0.1	f
4567	155	1048576	\N	\N	2	0.3	f
4569	155	4194304	\N	\N	2	0.1	f
4571	155	16777216	\N	\N	1	21.1	f
4572	155	67108864	\N	\N	2	8.4	f
4575	155	536870912	\N	\N	2	0.1	f
4579	155	48	\N	\N	3	1.5	f
4580	155	1536	\N	\N	3	0.1	f
4583	155	3221225472	\N	\N	1	49.4	f
4586	155	229376	\N	\N	1	15.1	f
4587	155	62	\N	\N	3	10.9	f
4588	155	1984	\N	\N	3	0.3	f
4589	155	2047	\N	\N	3	45.2	f
4590	77	128	\N	\N	3	2	f
4591	77	256	\N	\N	3	10	f
4592	77	68719476736	\N	\N	2	0.3	f
4593	77	34359738368	\N	\N	2	0.1	f
4622	77	4294967296	\N	\N	2	0.1	f
4628	77	2199023255552	\N	\N	2	0.1	f
4651	77	536870912	\N	\N	2	2	f
4654	77	1536	\N	\N	3	1	f
4659	77	3221225472	\N	\N	1	8	f
4663	77	1984	\N	\N	3	14	f
4665	77	2047	\N	\N	3	119	f
4668	3	68719476736	\N	\N	2	5	f
4671	3	1	\N	\N	3	1	f
4698	3	4294967296	\N	\N	2	40	f
4704	3	2199023255552	\N	\N	2	0.3	f
4731	3	48	\N	\N	3	3	f
4740	3	62	\N	\N	3	12	f
4741	3	2047	\N	\N	3	45	f
5121	27	2047	\N	\N	3	50	f
4744	24	68719476736	\N	\N	2	70	f
4745	24	34359738368	\N	\N	2	340	f
4747	24	1	\N	\N	3	27	f
4766	24	2048	\N	\N	2	75	f
4774	24	4294967296	\N	\N	2	80	f
4780	24	2199023255552	\N	\N	2	0.4	f
4815	24	1984	\N	\N	3	2	f
4817	24	2047	\N	\N	3	120	f
5124	166	68719476736	\N	\N	2	200	f
5126	166	2	\N	\N	3	1	f
5127	166	1	\N	\N	3	7	f
4818	1	128	\N	\N	3	0.1	f
4820	1	68719476736	\N	\N	2	1.8	f
4821	1	34359738368	\N	\N	2	194.7	f
4822	1	2	\N	\N	3	18.9	f
4823	1	1	\N	\N	3	0.5	f
4846	1	4503599627370496	\N	\N	2	0.2	f
4847	1	2251799813685248	\N	\N	2	6.2	f
4850	1	4294967296	\N	\N	2	10.9	f
4854	1	549755813888	\N	\N	1	6	f
4856	1	2199023255552	\N	\N	2	0.2	f
4857	1	17179869184	\N	\N	2	9.1	f
4858	1	4398046511104	\N	\N	2	0.1	f
4860	1	70368744177664	\N	\N	2	20	f
4864	1	17592186044416	\N	\N	2	0.1	f
4871	1	1048576	\N	\N	2	0.2	f
4873	1	4194304	\N	\N	2	0.1	f
4875	1	16777216	\N	\N	1	5.5	f
4876	1	67108864	\N	\N	2	8.4	f
4879	1	536870912	\N	\N	2	0.3	f
4882	1	1536	\N	\N	3	0.1	f
4883	1	48	\N	\N	3	4.4	f
4887	1	3221225472	\N	\N	1	4	f
4890	1	229376	\N	\N	1	5.5	f
4891	1	1984	\N	\N	3	0.3	f
4892	1	62	\N	\N	3	25.1	f
4893	1	2047	\N	\N	3	94.6	f
5154	166	4294967296	\N	\N	2	20	f
5160	166	2199023255552	\N	\N	2	2	f
4156	126	2048	\N	\N	2	55	f
4157	126	128	\N	\N	3	2.5	f
4166	126	4294967296	\N	\N	2	100	f
4172	126	2199023255552	\N	\N	2	0.2	f
4177	126	34359738368	\N	\N	2	350	f
4179	126	68719476736	\N	\N	2	880	f
4183	126	1	\N	\N	3	18	f
4211	126	1984	\N	\N	3	7	f
4969	55	2047	\N	\N	3	131.1	f
5187	166	48	\N	\N	3	6	f
5195	166	1984	\N	\N	3	1.5	f
5196	166	62	\N	\N	3	37	f
5197	166	2047	\N	\N	3	180	f
4273	101	536870912	\N	\N	2	0.2	f
4278	101	1536	\N	\N	3	5.7	f
4281	101	3221225472	\N	\N	1	1.9	f
4286	101	1984	\N	\N	3	5	f
5273	22	2047	\N	\N	3	80	f
5349	23	2047	\N	\N	3	130	f
5425	102	2047	\N	\N	3	687	f
5501	15	2047	\N	\N	3	90	f
5508	123	1125899906842624	\N	\N	3	0.1	f
5538	123	549755813888	\N	\N	1	0.1	f
5653	39	2047	\N	\N	3	64	f
5729	49	2047	\N	\N	3	50	f
5805	61	2047	\N	\N	3	94	f
5888	165	2047	\N	\N	3	100.5	f
5812	28	2047	\N	\N	3	71.5	f
6040	34	2047	\N	\N	3	15	f
6186	177	3221225472	\N	\N	1	0.3	f
6178	177	536870912	\N	\N	2	1.9	f
6117	177	128	\N	\N	3	1.8	f
6118	177	256	\N	\N	3	3.8	f
6146	177	512	\N	\N	3	0.2	f
6147	177	1024	\N	\N	3	7.2	f
6181	177	1536	\N	\N	3	7.4	f
6190	177	1984	\N	\N	3	13.6	f
6192	177	2047	\N	\N	3	122.4	f
\.


--
-- Name: footnote_Id_seq; Type: SEQUENCE SET; Schema: public; Owner: -
--

SELECT pg_catalog.setval('public."footnote_Id_seq"', 2, true);


--
-- Name: nutrient_Id_seq; Type: SEQUENCE SET; Schema: public; Owner: -
--

SELECT pg_catalog.setval('public."nutrient_Id_seq"', 6879, true);


--
-- Name: __EFMigrationsHistory PK___EFMigrationsHistory; Type: CONSTRAINT; Schema: public; Owner: -
--

ALTER TABLE ONLY public."__EFMigrationsHistory"
    ADD CONSTRAINT "PK___EFMigrationsHistory" PRIMARY KEY ("MigrationId");


--
-- Name: footnote PK_footnote; Type: CONSTRAINT; Schema: public; Owner: -
--

ALTER TABLE ONLY public.footnote
    ADD CONSTRAINT "PK_footnote" PRIMARY KEY ("Id");


--
-- Name: ingredient PK_ingredient; Type: CONSTRAINT; Schema: public; Owner: -
--

ALTER TABLE ONLY public.ingredient
    ADD CONSTRAINT "PK_ingredient" PRIMARY KEY ("Id");


--
-- Name: ingredient_alternative PK_ingredient_alternative; Type: CONSTRAINT; Schema: public; Owner: -
--

ALTER TABLE ONLY public.ingredient_alternative
    ADD CONSTRAINT "PK_ingredient_alternative" PRIMARY KEY ("IngredientId", "AlternativeIngredientId");


--
-- Name: nutrient PK_nutrient; Type: CONSTRAINT; Schema: public; Owner: -
--

ALTER TABLE ONLY public.nutrient
    ADD CONSTRAINT "PK_nutrient" PRIMARY KEY ("Id");


--
-- Name: recipe PK_recipe; Type: CONSTRAINT; Schema: public; Owner: -
--

ALTER TABLE ONLY public.recipe
    ADD CONSTRAINT "PK_recipe" PRIMARY KEY ("Id");


--
-- Name: recipe_ingredient PK_recipe_ingredient; Type: CONSTRAINT; Schema: public; Owner: -
--

ALTER TABLE ONLY public.recipe_ingredient
    ADD CONSTRAINT "PK_recipe_ingredient" PRIMARY KEY ("Id");


--
-- Name: recipe_instruction PK_recipe_instruction; Type: CONSTRAINT; Schema: public; Owner: -
--

ALTER TABLE ONLY public.recipe_instruction
    ADD CONSTRAINT "PK_recipe_instruction" PRIMARY KEY ("Id");


--
-- Name: user PK_user; Type: CONSTRAINT; Schema: public; Owner: -
--

ALTER TABLE ONLY public."user"
    ADD CONSTRAINT "PK_user" PRIMARY KEY ("Id");


--
-- Name: user_email PK_user_email; Type: CONSTRAINT; Schema: public; Owner: -
--

ALTER TABLE ONLY public.user_email
    ADD CONSTRAINT "PK_user_email" PRIMARY KEY ("Id");


--
-- Name: user_family PK_user_family; Type: CONSTRAINT; Schema: public; Owner: -
--

ALTER TABLE ONLY public.user_family
    ADD CONSTRAINT "PK_user_family" PRIMARY KEY ("Id");


--
-- Name: user_feast PK_user_feast; Type: CONSTRAINT; Schema: public; Owner: -
--

ALTER TABLE ONLY public.user_feast
    ADD CONSTRAINT "PK_user_feast" PRIMARY KEY ("Id");


--
-- Name: user_feast_recipe PK_user_feast_recipe; Type: CONSTRAINT; Schema: public; Owner: -
--

ALTER TABLE ONLY public.user_feast_recipe
    ADD CONSTRAINT "PK_user_feast_recipe" PRIMARY KEY ("Id");


--
-- Name: user_footnote PK_user_footnote; Type: CONSTRAINT; Schema: public; Owner: -
--

ALTER TABLE ONLY public.user_footnote
    ADD CONSTRAINT "PK_user_footnote" PRIMARY KEY ("Id");


--
-- Name: user_ingredient PK_user_ingredient; Type: CONSTRAINT; Schema: public; Owner: -
--

ALTER TABLE ONLY public.user_ingredient
    ADD CONSTRAINT "PK_user_ingredient" PRIMARY KEY ("UserId", "IngredientId");


--
-- Name: user_nutrient PK_user_nutrient; Type: CONSTRAINT; Schema: public; Owner: -
--

ALTER TABLE ONLY public.user_nutrient
    ADD CONSTRAINT "PK_user_nutrient" PRIMARY KEY ("UserId", "Nutrient");


--
-- Name: user_recipe PK_user_recipe; Type: CONSTRAINT; Schema: public; Owner: -
--

ALTER TABLE ONLY public.user_recipe
    ADD CONSTRAINT "PK_user_recipe" PRIMARY KEY ("UserId", "RecipeId");


--
-- Name: user_serving PK_user_serving; Type: CONSTRAINT; Schema: public; Owner: -
--

ALTER TABLE ONLY public.user_serving
    ADD CONSTRAINT "PK_user_serving" PRIMARY KEY ("UserId", "Section");


--
-- Name: user_token PK_user_token; Type: CONSTRAINT; Schema: public; Owner: -
--

ALTER TABLE ONLY public.user_token
    ADD CONSTRAINT "PK_user_token" PRIMARY KEY ("Id");


--
-- Name: IX_ingredient_UserId; Type: INDEX; Schema: public; Owner: -
--

CREATE INDEX "IX_ingredient_UserId" ON public.ingredient USING btree ("UserId");


--
-- Name: IX_ingredient_alternative_AlternativeIngredientId; Type: INDEX; Schema: public; Owner: -
--

CREATE INDEX "IX_ingredient_alternative_AlternativeIngredientId" ON public.ingredient_alternative USING btree ("AlternativeIngredientId");


--
-- Name: IX_nutrient_IngredientId; Type: INDEX; Schema: public; Owner: -
--

CREATE INDEX "IX_nutrient_IngredientId" ON public.nutrient USING btree ("IngredientId");


--
-- Name: IX_recipe_UserId; Type: INDEX; Schema: public; Owner: -
--

CREATE INDEX "IX_recipe_UserId" ON public.recipe USING btree ("UserId");


--
-- Name: IX_recipe_ingredient_IngredientId; Type: INDEX; Schema: public; Owner: -
--

CREATE INDEX "IX_recipe_ingredient_IngredientId" ON public.recipe_ingredient USING btree ("IngredientId");


--
-- Name: IX_recipe_ingredient_IngredientRecipeId; Type: INDEX; Schema: public; Owner: -
--

CREATE INDEX "IX_recipe_ingredient_IngredientRecipeId" ON public.recipe_ingredient USING btree ("IngredientRecipeId");


--
-- Name: IX_recipe_ingredient_RecipeId; Type: INDEX; Schema: public; Owner: -
--

CREATE INDEX "IX_recipe_ingredient_RecipeId" ON public.recipe_ingredient USING btree ("RecipeId");


--
-- Name: IX_recipe_instruction_RecipeId; Type: INDEX; Schema: public; Owner: -
--

CREATE INDEX "IX_recipe_instruction_RecipeId" ON public.recipe_instruction USING btree ("RecipeId");


--
-- Name: IX_user_Email; Type: INDEX; Schema: public; Owner: -
--

CREATE UNIQUE INDEX "IX_user_Email" ON public."user" USING btree ("Email");


--
-- Name: IX_user_email_UserId; Type: INDEX; Schema: public; Owner: -
--

CREATE INDEX "IX_user_email_UserId" ON public.user_email USING btree ("UserId");


--
-- Name: IX_user_family_UserId; Type: INDEX; Schema: public; Owner: -
--

CREATE INDEX "IX_user_family_UserId" ON public.user_family USING btree ("UserId");


--
-- Name: IX_user_feast_UserId; Type: INDEX; Schema: public; Owner: -
--

CREATE INDEX "IX_user_feast_UserId" ON public.user_feast USING btree ("UserId");


--
-- Name: IX_user_feast_recipe_RecipeId; Type: INDEX; Schema: public; Owner: -
--

CREATE INDEX "IX_user_feast_recipe_RecipeId" ON public.user_feast_recipe USING btree ("RecipeId");


--
-- Name: IX_user_feast_recipe_UserFeastId; Type: INDEX; Schema: public; Owner: -
--

CREATE INDEX "IX_user_feast_recipe_UserFeastId" ON public.user_feast_recipe USING btree ("UserFeastId");


--
-- Name: IX_user_footnote_UserId; Type: INDEX; Schema: public; Owner: -
--

CREATE INDEX "IX_user_footnote_UserId" ON public.user_footnote USING btree ("UserId");


--
-- Name: IX_user_ingredient_IngredientId; Type: INDEX; Schema: public; Owner: -
--

CREATE INDEX "IX_user_ingredient_IngredientId" ON public.user_ingredient USING btree ("IngredientId");


--
-- Name: IX_user_ingredient_SubstituteIngredientId; Type: INDEX; Schema: public; Owner: -
--

CREATE INDEX "IX_user_ingredient_SubstituteIngredientId" ON public.user_ingredient USING btree ("SubstituteIngredientId");


--
-- Name: IX_user_recipe_RecipeId; Type: INDEX; Schema: public; Owner: -
--

CREATE INDEX "IX_user_recipe_RecipeId" ON public.user_recipe USING btree ("RecipeId");


--
-- Name: IX_user_token_UserId_Token; Type: INDEX; Schema: public; Owner: -
--

CREATE INDEX "IX_user_token_UserId_Token" ON public.user_token USING btree ("UserId", "Token");


--
-- Name: ingredient_alternative FK_ingredient_alternative_ingredient_AlternativeIngredientId; Type: FK CONSTRAINT; Schema: public; Owner: -
--

ALTER TABLE ONLY public.ingredient_alternative
    ADD CONSTRAINT "FK_ingredient_alternative_ingredient_AlternativeIngredientId" FOREIGN KEY ("AlternativeIngredientId") REFERENCES public.ingredient("Id") ON DELETE CASCADE;


--
-- Name: ingredient_alternative FK_ingredient_alternative_ingredient_IngredientId; Type: FK CONSTRAINT; Schema: public; Owner: -
--

ALTER TABLE ONLY public.ingredient_alternative
    ADD CONSTRAINT "FK_ingredient_alternative_ingredient_IngredientId" FOREIGN KEY ("IngredientId") REFERENCES public.ingredient("Id") ON DELETE CASCADE;


--
-- Name: ingredient FK_ingredient_user_UserId; Type: FK CONSTRAINT; Schema: public; Owner: -
--

ALTER TABLE ONLY public.ingredient
    ADD CONSTRAINT "FK_ingredient_user_UserId" FOREIGN KEY ("UserId") REFERENCES public."user"("Id");


--
-- Name: nutrient FK_nutrient_ingredient_IngredientId; Type: FK CONSTRAINT; Schema: public; Owner: -
--

ALTER TABLE ONLY public.nutrient
    ADD CONSTRAINT "FK_nutrient_ingredient_IngredientId" FOREIGN KEY ("IngredientId") REFERENCES public.ingredient("Id");


--
-- Name: recipe_ingredient FK_recipe_ingredient_ingredient_IngredientId; Type: FK CONSTRAINT; Schema: public; Owner: -
--

ALTER TABLE ONLY public.recipe_ingredient
    ADD CONSTRAINT "FK_recipe_ingredient_ingredient_IngredientId" FOREIGN KEY ("IngredientId") REFERENCES public.ingredient("Id");


--
-- Name: recipe_ingredient FK_recipe_ingredient_recipe_IngredientRecipeId; Type: FK CONSTRAINT; Schema: public; Owner: -
--

ALTER TABLE ONLY public.recipe_ingredient
    ADD CONSTRAINT "FK_recipe_ingredient_recipe_IngredientRecipeId" FOREIGN KEY ("IngredientRecipeId") REFERENCES public.recipe("Id");


--
-- Name: recipe_ingredient FK_recipe_ingredient_recipe_RecipeId; Type: FK CONSTRAINT; Schema: public; Owner: -
--

ALTER TABLE ONLY public.recipe_ingredient
    ADD CONSTRAINT "FK_recipe_ingredient_recipe_RecipeId" FOREIGN KEY ("RecipeId") REFERENCES public.recipe("Id") ON DELETE CASCADE;


--
-- Name: recipe_instruction FK_recipe_instruction_recipe_RecipeId; Type: FK CONSTRAINT; Schema: public; Owner: -
--

ALTER TABLE ONLY public.recipe_instruction
    ADD CONSTRAINT "FK_recipe_instruction_recipe_RecipeId" FOREIGN KEY ("RecipeId") REFERENCES public.recipe("Id") ON DELETE CASCADE;


--
-- Name: recipe FK_recipe_user_UserId; Type: FK CONSTRAINT; Schema: public; Owner: -
--

ALTER TABLE ONLY public.recipe
    ADD CONSTRAINT "FK_recipe_user_UserId" FOREIGN KEY ("UserId") REFERENCES public."user"("Id");


--
-- Name: user_email FK_user_email_user_UserId; Type: FK CONSTRAINT; Schema: public; Owner: -
--

ALTER TABLE ONLY public.user_email
    ADD CONSTRAINT "FK_user_email_user_UserId" FOREIGN KEY ("UserId") REFERENCES public."user"("Id") ON DELETE CASCADE;


--
-- Name: user_family FK_user_family_user_UserId; Type: FK CONSTRAINT; Schema: public; Owner: -
--

ALTER TABLE ONLY public.user_family
    ADD CONSTRAINT "FK_user_family_user_UserId" FOREIGN KEY ("UserId") REFERENCES public."user"("Id") ON DELETE CASCADE;


--
-- Name: user_feast_recipe FK_user_feast_recipe_recipe_RecipeId; Type: FK CONSTRAINT; Schema: public; Owner: -
--

ALTER TABLE ONLY public.user_feast_recipe
    ADD CONSTRAINT "FK_user_feast_recipe_recipe_RecipeId" FOREIGN KEY ("RecipeId") REFERENCES public.recipe("Id") ON DELETE CASCADE;


--
-- Name: user_feast_recipe FK_user_feast_recipe_user_feast_UserFeastId; Type: FK CONSTRAINT; Schema: public; Owner: -
--

ALTER TABLE ONLY public.user_feast_recipe
    ADD CONSTRAINT "FK_user_feast_recipe_user_feast_UserFeastId" FOREIGN KEY ("UserFeastId") REFERENCES public.user_feast("Id") ON DELETE CASCADE;


--
-- Name: user_feast FK_user_feast_user_UserId; Type: FK CONSTRAINT; Schema: public; Owner: -
--

ALTER TABLE ONLY public.user_feast
    ADD CONSTRAINT "FK_user_feast_user_UserId" FOREIGN KEY ("UserId") REFERENCES public."user"("Id") ON DELETE CASCADE;


--
-- Name: user_footnote FK_user_footnote_user_UserId; Type: FK CONSTRAINT; Schema: public; Owner: -
--

ALTER TABLE ONLY public.user_footnote
    ADD CONSTRAINT "FK_user_footnote_user_UserId" FOREIGN KEY ("UserId") REFERENCES public."user"("Id") ON DELETE CASCADE;


--
-- Name: user_ingredient FK_user_ingredient_ingredient_IngredientId; Type: FK CONSTRAINT; Schema: public; Owner: -
--

ALTER TABLE ONLY public.user_ingredient
    ADD CONSTRAINT "FK_user_ingredient_ingredient_IngredientId" FOREIGN KEY ("IngredientId") REFERENCES public.ingredient("Id") ON DELETE CASCADE;


--
-- Name: user_ingredient FK_user_ingredient_ingredient_SubstituteIngredientId; Type: FK CONSTRAINT; Schema: public; Owner: -
--

ALTER TABLE ONLY public.user_ingredient
    ADD CONSTRAINT "FK_user_ingredient_ingredient_SubstituteIngredientId" FOREIGN KEY ("SubstituteIngredientId") REFERENCES public.ingredient("Id") ON DELETE CASCADE;


--
-- Name: user_ingredient FK_user_ingredient_user_UserId; Type: FK CONSTRAINT; Schema: public; Owner: -
--

ALTER TABLE ONLY public.user_ingredient
    ADD CONSTRAINT "FK_user_ingredient_user_UserId" FOREIGN KEY ("UserId") REFERENCES public."user"("Id") ON DELETE CASCADE;


--
-- Name: user_nutrient FK_user_nutrient_user_UserId; Type: FK CONSTRAINT; Schema: public; Owner: -
--

ALTER TABLE ONLY public.user_nutrient
    ADD CONSTRAINT "FK_user_nutrient_user_UserId" FOREIGN KEY ("UserId") REFERENCES public."user"("Id") ON DELETE CASCADE;


--
-- Name: user_recipe FK_user_recipe_recipe_RecipeId; Type: FK CONSTRAINT; Schema: public; Owner: -
--

ALTER TABLE ONLY public.user_recipe
    ADD CONSTRAINT "FK_user_recipe_recipe_RecipeId" FOREIGN KEY ("RecipeId") REFERENCES public.recipe("Id") ON DELETE CASCADE;


--
-- Name: user_recipe FK_user_recipe_user_UserId; Type: FK CONSTRAINT; Schema: public; Owner: -
--

ALTER TABLE ONLY public.user_recipe
    ADD CONSTRAINT "FK_user_recipe_user_UserId" FOREIGN KEY ("UserId") REFERENCES public."user"("Id") ON DELETE CASCADE;


--
-- Name: user_serving FK_user_serving_user_UserId; Type: FK CONSTRAINT; Schema: public; Owner: -
--

ALTER TABLE ONLY public.user_serving
    ADD CONSTRAINT "FK_user_serving_user_UserId" FOREIGN KEY ("UserId") REFERENCES public."user"("Id") ON DELETE CASCADE;


--
-- Name: user_token FK_user_token_user_UserId; Type: FK CONSTRAINT; Schema: public; Owner: -
--

ALTER TABLE ONLY public.user_token
    ADD CONSTRAINT "FK_user_token_user_UserId" FOREIGN KEY ("UserId") REFERENCES public."user"("Id") ON DELETE CASCADE;


--
-- PostgreSQL database dump complete
--

