--
-- PostgreSQL database dump
--

-- Dumped from database version 16.3
-- Dumped by pg_dump version 16.1

SET statement_timeout = 0;
SET lock_timeout = 0;
SET idle_in_transaction_session_timeout = 0;
SET client_encoding = 'UTF8';
SET standard_conforming_strings = on;
SELECT pg_catalog.set_config('search_path', '', false);
SET check_function_bodies = false;
SET xmloption = content;
SET client_min_messages = warning;
SET row_security = off;

SET default_tablespace = '';

SET default_table_access_method = heap;

--
-- Name: __EFMigrationsHistory; Type: TABLE; Schema: public; Owner: -
--

CREATE TABLE public."__EFMigrationsHistory" (
    "MigrationId" character varying(150) NOT NULL,
    "ProductVersion" character varying(32) NOT NULL
);


--
-- Name: footnote; Type: TABLE; Schema: public; Owner: -
--

CREATE TABLE public.footnote (
    "Id" integer NOT NULL,
    "Note" text NOT NULL,
    "Source" text,
    "Type" integer NOT NULL
);


--
-- Name: TABLE footnote; Type: COMMENT; Schema: public; Owner: -
--

COMMENT ON TABLE public.footnote IS 'Sage advice';


--
-- Name: footnote_Id_seq; Type: SEQUENCE; Schema: public; Owner: -
--

ALTER TABLE public.footnote ALTER COLUMN "Id" ADD GENERATED BY DEFAULT AS IDENTITY (
    SEQUENCE NAME public."footnote_Id_seq"
    START WITH 1
    INCREMENT BY 1
    NO MINVALUE
    NO MAXVALUE
    CACHE 1
);


--
-- Name: ingredient; Type: TABLE; Schema: public; Owner: -
--

CREATE TABLE public.ingredient (
    "Id" integer NOT NULL,
    "UserId" integer,
    "Name" text NOT NULL,
    "Notes" text,
    "DisabledReason" text,
    "SkipShoppingList" boolean DEFAULT false NOT NULL,
    "Allergens" bigint DEFAULT 0 NOT NULL,
    "GramsPerCup" double precision DEFAULT 0 NOT NULL,
    "ServingSizeGrams" double precision DEFAULT 0 NOT NULL,
    "CaloriesPerServing" double precision DEFAULT 0 NOT NULL,
    "LastUpdated" date DEFAULT '-infinity'::date NOT NULL,
    "ParentId" integer
);


--
-- Name: TABLE ingredient; Type: COMMENT; Schema: public; Owner: -
--

COMMENT ON TABLE public.ingredient IS 'Recipes listed on the website';


--
-- Name: nutrient; Type: TABLE; Schema: public; Owner: -
--

CREATE TABLE public.nutrient (
    "Id" integer NOT NULL,
    "IngredientId" integer,
    "Nutrients" bigint NOT NULL,
    "Notes" text,
    "DisabledReason" text,
    "Measure" integer DEFAULT 0 NOT NULL,
    "Value" double precision DEFAULT 0 NOT NULL,
    "Synthetic" boolean DEFAULT false NOT NULL
);


--
-- Name: TABLE nutrient; Type: COMMENT; Schema: public; Owner: -
--

COMMENT ON TABLE public.nutrient IS 'Recipes listed on the website';


--
-- Name: nutrient_Id_seq; Type: SEQUENCE; Schema: public; Owner: -
--

ALTER TABLE public.nutrient ALTER COLUMN "Id" ADD GENERATED BY DEFAULT AS IDENTITY (
    SEQUENCE NAME public."nutrient_Id_seq"
    START WITH 1
    INCREMENT BY 1
    NO MINVALUE
    NO MAXVALUE
    CACHE 1
);


--
-- Name: recipe; Type: TABLE; Schema: public; Owner: -
--

CREATE TABLE public.recipe (
    "Id" integer NOT NULL,
    "Name" text NOT NULL,
    "Notes" text,
    "DisabledReason" text,
    "UserId" integer DEFAULT 0,
    "Section" integer DEFAULT 0 NOT NULL,
    "CookTime" integer DEFAULT 0 NOT NULL,
    "PrepTime" integer DEFAULT 0 NOT NULL,
    "Servings" integer DEFAULT 0 NOT NULL,
    "Allergens" bigint DEFAULT 0 NOT NULL,
    "AdjustableServings" boolean DEFAULT false NOT NULL,
    "Equipment" integer DEFAULT 0 NOT NULL
);


--
-- Name: TABLE recipe; Type: COMMENT; Schema: public; Owner: -
--

COMMENT ON TABLE public.recipe IS 'Recipes listed on the website';


--
-- Name: recipe_ingredient; Type: TABLE; Schema: public; Owner: -
--

CREATE TABLE public.recipe_ingredient (
    "Id" integer NOT NULL,
    "Measure" integer NOT NULL,
    "Notes" text,
    "DisabledReason" text,
    "RecipeId" integer NOT NULL,
    "QuantityDenominator" integer DEFAULT 0,
    "QuantityNumerator" integer DEFAULT 0,
    "Attributes" text,
    "IngredientId" integer DEFAULT 0 NOT NULL
);


--
-- Name: TABLE recipe_ingredient; Type: COMMENT; Schema: public; Owner: -
--

COMMENT ON TABLE public.recipe_ingredient IS 'Recipes listed on the website';


--
-- Name: recipe_instruction; Type: TABLE; Schema: public; Owner: -
--

CREATE TABLE public.recipe_instruction (
    "Id" integer NOT NULL,
    "Name" text NOT NULL,
    "Notes" text,
    "DisabledReason" text,
    "RecipeId" integer NOT NULL,
    "Order" integer DEFAULT 0 NOT NULL
);


--
-- Name: TABLE recipe_instruction; Type: COMMENT; Schema: public; Owner: -
--

COMMENT ON TABLE public.recipe_instruction IS 'Recipes listed on the website';


--
-- Name: user; Type: TABLE; Schema: public; Owner: -
--

CREATE TABLE public."user" (
    "Id" integer NOT NULL,
    "Email" text NOT NULL,
    "AcceptedTerms" boolean NOT NULL,
    "FootnoteType" integer NOT NULL,
    "SendDays" integer NOT NULL,
    "SendHour" integer NOT NULL,
    "CreatedDate" date NOT NULL,
    "Verbosity" integer NOT NULL,
    "LastActive" date,
    "NewsletterDisabledReason" text,
    "Features" integer NOT NULL,
    "FootnoteCountTop" integer NOT NULL,
    "FootnoteCountBottom" integer NOT NULL,
    "MaxIngredients" integer,
    "ExcludeAllergens" bigint DEFAULT 0 NOT NULL,
    "AtLeastXServingsPerRecipe" integer DEFAULT 0 NOT NULL,
    "AtLeastXUniqueNutrientsPerRecipe" integer DEFAULT 0 NOT NULL,
    "Equipment" integer DEFAULT 0 NOT NULL
);


--
-- Name: TABLE "user"; Type: COMMENT; Schema: public; Owner: -
--

COMMENT ON TABLE public."user" IS 'User who signed up for the newsletter';


--
-- Name: user_Id_seq; Type: SEQUENCE; Schema: public; Owner: -
--

ALTER TABLE public."user" ALTER COLUMN "Id" ADD GENERATED BY DEFAULT AS IDENTITY (
    SEQUENCE NAME public."user_Id_seq"
    START WITH 1
    INCREMENT BY 1
    NO MINVALUE
    NO MAXVALUE
    CACHE 1
);


--
-- Name: user_email; Type: TABLE; Schema: public; Owner: -
--

CREATE TABLE public.user_email (
    "Id" integer NOT NULL,
    "Date" date NOT NULL,
    "SendAfter" timestamp with time zone NOT NULL,
    "UserId" integer NOT NULL,
    "SenderId" text,
    "Subject" text NOT NULL,
    "Body" text NOT NULL,
    "EmailStatus" integer NOT NULL,
    "SendAttempts" integer NOT NULL,
    "LastError" text
);


--
-- Name: TABLE user_email; Type: COMMENT; Schema: public; Owner: -
--

COMMENT ON TABLE public.user_email IS 'A day''s workout routine';


--
-- Name: user_email_Id_seq; Type: SEQUENCE; Schema: public; Owner: -
--

ALTER TABLE public.user_email ALTER COLUMN "Id" ADD GENERATED BY DEFAULT AS IDENTITY (
    SEQUENCE NAME public."user_email_Id_seq"
    START WITH 1
    INCREMENT BY 1
    NO MINVALUE
    NO MAXVALUE
    CACHE 1
);


--
-- Name: user_family; Type: TABLE; Schema: public; Owner: -
--

CREATE TABLE public.user_family (
    "Id" integer NOT NULL,
    "Person" integer NOT NULL,
    "Weight" integer NOT NULL,
    "CaloriesPerDay" integer NOT NULL,
    "UserId" integer NOT NULL
);


--
-- Name: user_family_Id_seq; Type: SEQUENCE; Schema: public; Owner: -
--

ALTER TABLE public.user_family ALTER COLUMN "Id" ADD GENERATED BY DEFAULT AS IDENTITY (
    SEQUENCE NAME public."user_family_Id_seq"
    START WITH 1
    INCREMENT BY 1
    NO MINVALUE
    NO MAXVALUE
    CACHE 1
);


--
-- Name: user_feast; Type: TABLE; Schema: public; Owner: -
--

CREATE TABLE public.user_feast (
    "Id" integer NOT NULL,
    "UserId" integer NOT NULL,
    "Date" date NOT NULL
);


--
-- Name: TABLE user_feast; Type: COMMENT; Schema: public; Owner: -
--

COMMENT ON TABLE public.user_feast IS 'A day''s workout routine';


--
-- Name: user_feast_Id_seq; Type: SEQUENCE; Schema: public; Owner: -
--

ALTER TABLE public.user_feast ALTER COLUMN "Id" ADD GENERATED BY DEFAULT AS IDENTITY (
    SEQUENCE NAME public."user_feast_Id_seq"
    START WITH 1
    INCREMENT BY 1
    NO MINVALUE
    NO MAXVALUE
    CACHE 1
);


--
-- Name: user_feast_recipe; Type: TABLE; Schema: public; Owner: -
--

CREATE TABLE public.user_feast_recipe (
    "Id" integer NOT NULL,
    "UserFeastId" integer NOT NULL,
    "RecipeId" integer NOT NULL,
    "Order" integer NOT NULL,
    "Section" integer NOT NULL,
    "Scale" integer DEFAULT 0 NOT NULL
);


--
-- Name: TABLE user_feast_recipe; Type: COMMENT; Schema: public; Owner: -
--

COMMENT ON TABLE public.user_feast_recipe IS 'A day''s workout routine';


--
-- Name: user_feast_recipe_Id_seq; Type: SEQUENCE; Schema: public; Owner: -
--

ALTER TABLE public.user_feast_recipe ALTER COLUMN "Id" ADD GENERATED BY DEFAULT AS IDENTITY (
    SEQUENCE NAME public."user_feast_recipe_Id_seq"
    START WITH 1
    INCREMENT BY 1
    NO MINVALUE
    NO MAXVALUE
    CACHE 1
);


--
-- Name: user_footnote; Type: TABLE; Schema: public; Owner: -
--

CREATE TABLE public.user_footnote (
    "Id" integer NOT NULL,
    "UserId" integer NOT NULL,
    "UserLastSeen" date NOT NULL,
    "Note" text NOT NULL,
    "Source" text,
    "Type" integer NOT NULL
);


--
-- Name: TABLE user_footnote; Type: COMMENT; Schema: public; Owner: -
--

COMMENT ON TABLE public.user_footnote IS 'Sage advice';


--
-- Name: user_footnote_Id_seq; Type: SEQUENCE; Schema: public; Owner: -
--

ALTER TABLE public.user_footnote ALTER COLUMN "Id" ADD GENERATED BY DEFAULT AS IDENTITY (
    SEQUENCE NAME public."user_footnote_Id_seq"
    START WITH 1
    INCREMENT BY 1
    NO MINVALUE
    NO MAXVALUE
    CACHE 1
);


--
-- Name: user_ingredient; Type: TABLE; Schema: public; Owner: -
--

CREATE TABLE public.user_ingredient (
    "UserId" integer NOT NULL,
    "IngredientId" integer NOT NULL,
    "SubstituteIngredientId" integer NOT NULL
);


--
-- Name: user_ingredient_Id_seq; Type: SEQUENCE; Schema: public; Owner: -
--

ALTER TABLE public.ingredient ALTER COLUMN "Id" ADD GENERATED BY DEFAULT AS IDENTITY (
    SEQUENCE NAME public."user_ingredient_Id_seq"
    START WITH 1
    INCREMENT BY 1
    NO MINVALUE
    NO MAXVALUE
    CACHE 1
);


--
-- Name: user_nutrient; Type: TABLE; Schema: public; Owner: -
--

CREATE TABLE public.user_nutrient (
    "Nutrient" bigint NOT NULL,
    "UserId" integer NOT NULL,
    "Start" integer NOT NULL,
    "End" integer NOT NULL
);


--
-- Name: user_recipe; Type: TABLE; Schema: public; Owner: -
--

CREATE TABLE public.user_recipe (
    "UserId" integer NOT NULL,
    "RecipeId" integer NOT NULL,
    "Ignore" boolean NOT NULL,
    "LastSeen" date NOT NULL,
    "Scale" integer DEFAULT 0 NOT NULL,
    "Favorite" boolean DEFAULT false NOT NULL
);


--
-- Name: TABLE user_recipe; Type: COMMENT; Schema: public; Owner: -
--

COMMENT ON TABLE public.user_recipe IS 'User''s progression level of an exercise';


--
-- Name: user_recipe_Id_seq; Type: SEQUENCE; Schema: public; Owner: -
--

ALTER TABLE public.recipe ALTER COLUMN "Id" ADD GENERATED BY DEFAULT AS IDENTITY (
    SEQUENCE NAME public."user_recipe_Id_seq"
    START WITH 1
    INCREMENT BY 1
    NO MINVALUE
    NO MAXVALUE
    CACHE 1
);


--
-- Name: user_recipe_ingredient_Id_seq; Type: SEQUENCE; Schema: public; Owner: -
--

ALTER TABLE public.recipe_ingredient ALTER COLUMN "Id" ADD GENERATED BY DEFAULT AS IDENTITY (
    SEQUENCE NAME public."user_recipe_ingredient_Id_seq"
    START WITH 1
    INCREMENT BY 1
    NO MINVALUE
    NO MAXVALUE
    CACHE 1
);


--
-- Name: user_recipe_instruction_Id_seq; Type: SEQUENCE; Schema: public; Owner: -
--

ALTER TABLE public.recipe_instruction ALTER COLUMN "Id" ADD GENERATED BY DEFAULT AS IDENTITY (
    SEQUENCE NAME public."user_recipe_instruction_Id_seq"
    START WITH 1
    INCREMENT BY 1
    NO MINVALUE
    NO MAXVALUE
    CACHE 1
);


--
-- Name: user_serving; Type: TABLE; Schema: public; Owner: -
--

CREATE TABLE public.user_serving (
    "Section" integer NOT NULL,
    "UserId" integer NOT NULL,
    "Count" integer NOT NULL
);


--
-- Name: user_token; Type: TABLE; Schema: public; Owner: -
--

CREATE TABLE public.user_token (
    "Id" integer NOT NULL,
    "Token" text NOT NULL,
    "UserId" integer NOT NULL,
    "Expires" timestamp with time zone NOT NULL
);


--
-- Name: TABLE user_token; Type: COMMENT; Schema: public; Owner: -
--

COMMENT ON TABLE public.user_token IS 'Auth tokens for a user';


--
-- Name: user_token_Id_seq; Type: SEQUENCE; Schema: public; Owner: -
--

ALTER TABLE public.user_token ALTER COLUMN "Id" ADD GENERATED BY DEFAULT AS IDENTITY (
    SEQUENCE NAME public."user_token_Id_seq"
    START WITH 1
    INCREMENT BY 1
    NO MINVALUE
    NO MAXVALUE
    CACHE 1
);


--
-- Data for Name: __EFMigrationsHistory; Type: TABLE DATA; Schema: public; Owner: -
--

COPY public."__EFMigrationsHistory" ("MigrationId", "ProductVersion") FROM stdin;
20240607232551_SquashMigrations	8.0.6
20240608015448_AddLastUpdatedDateToIngredient	8.0.6
20240608030851_AddSubstituteIngredients	8.0.6
20240608165834_RenamePrimaryToFavorite	8.0.6
20240609183842_AddSyntheticVitamins	8.0.6
20240611142013_GramsToDouble	8.0.6
20240611183933_AddCookingEquipment	8.0.6
20240612234847_MakeAllergensALong	8.0.6
\.


--
-- Data for Name: footnote; Type: TABLE DATA; Schema: public; Owner: -
--

COPY public.footnote ("Id", "Note", "Source", "Type") FROM stdin;
1	Food experts recommend rinsing dry rice before cooking it because it helps wash away contaminants, heavy metals, dirt and bugs that may be in the rice.	\N	1
\.


--
-- Data for Name: ingredient; Type: TABLE DATA; Schema: public; Owner: -
--

COPY public.ingredient ("Id", "UserId", "Name", "Notes", "DisabledReason", "SkipShoppingList", "Allergens", "GramsPerCup", "ServingSizeGrams", "CaloriesPerServing", "LastUpdated", "ParentId") FROM stdin;
165	\N	Mini Bagels, Whole Grain	\N	\N	f	2	240	100	0	-infinity	\N
171	\N	Heavy Cream	\N	\N	f	0	240	100	0	-infinity	\N
123	\N	Water	\N	\N	t	0	240	1000	0	-infinity	\N
4	\N	Lemons	\N	\N	f	0	240	100	0	-infinity	\N
132	\N	Elbow Macaroni	\N	\N	f	0	240	100	0	-infinity	\N
131	\N	Pinto Beans	\N	\N	f	0	240	100	0	-infinity	\N
10	\N	Strawberries	\N	\N	f	0	240	100	0	-infinity	\N
130	\N	Molasses	\N	\N	f	0	240	100	0	-infinity	\N
120	\N	Pepperoni, Turkey	\N	\N	f	0	240	100	0	-infinity	\N
167	\N	Naan	\N	\N	f	0	240	100	0	-infinity	\N
166	\N	Pita, Whole Wheat	\N	\N	f	32	240	100	0	-infinity	\N
168	\N	Allspice	\N	\N	f	0	240	100	0	-infinity	\N
102	\N	Lentils	https://www.eatthismuch.com/calories/lentils,3634	\N	f	0	192	192	0	-infinity	\N
172	\N	Peaches	\N	\N	f	0	240	100	0	-infinity	\N
107	\N	Roast Beef	https://www.eatthismuch.com/food/nutrition/roast-beef,484998/	\N	f	0	240	100	161	-infinity	\N
104	\N	Summer Sausage	https://www.eatthismuch.com/food/nutrition/summer-sausage,2122087/	\N	f	0	240	56	180	-infinity	\N
69	\N	Red Pepper Flakes	\N	\N	t	0	240	100	0	-infinity	\N
70	\N	Cinnamon	\N	\N	t	0	240	100	0	-infinity	\N
71	\N	Garlic Powder	\N	\N	f	0	240	100	0	-infinity	\N
72	\N	Nutmeg	\N	\N	f	0	240	100	0	-infinity	\N
73	\N	Paprika	\N	\N	f	0	240	100	0	-infinity	\N
129	\N	Frozen Meatballs	\N	\N	f	0	240	100	0	-infinity	\N
127	\N	Apple Sauce	\N	\N	f	0	240	100	0	-infinity	\N
125	\N	Cardamom	\N	\N	f	0	240	100	0	-infinity	\N
124	\N	Curry Powder	\N	\N	f	0	240	100	0	-infinity	\N
121	\N	Green Beans	\N	\N	f	0	240	100	0	-infinity	\N
118	\N	Pizza Sauce	\N	\N	f	0	240	100	0	-infinity	\N
117	\N	Garlic Toast	\N	\N	f	0	240	100	0	-infinity	\N
116	\N	Barbecue Sauce	\N	\N	f	0	240	100	0	-infinity	\N
33	\N	Greek Yogurt	\N	\N	f	0	240	100	0	-infinity	\N
115	\N	Dr. Pepper	\N	\N	f	0	240	100	0	-infinity	\N
114	\N	Pork Loin Fillet	\N	\N	f	0	240	100	0	-infinity	\N
113	\N	Hamburger Buns	\N	\N	f	0	240	100	0	-infinity	\N
112	\N	Taco Seasoning	\N	\N	f	0	240	100	0	-infinity	\N
110	\N	Cabbage	\N	\N	f	0	240	100	0	-infinity	\N
106	\N	Beef Bouilion Cubes	\N	\N	f	0	240	100	0	-infinity	\N
158	\N	Sunflower Seeds	\N	\N	f	0	240	100	0	-infinity	\N
18	\N	Breadcrumbs	\N	\N	f	32	240	100	0	-infinity	\N
108	\N	Chicken Bouilion Cubes	\N	\N	f	0	240	100	0	-infinity	\N
111	\N	Chicken Broth	\N	\N	f	0	240	100	0	-infinity	\N
2	\N	Parsley	\N	\N	f	0	240	100	0	-infinity	\N
138	\N	Coriander	\N	\N	f	0	240	100	0	-infinity	\N
140	\N	Chives	\N	\N	f	0	240	100	0	-infinity	\N
122	\N	Asparagus	\N	\N	f	0	240	100	0	-infinity	\N
143	\N	Cumin	\N	\N	f	0	240	100	0	-infinity	\N
5	\N	Garlic	\N	\N	f	0	240	100	0	-infinity	\N
35	\N	Baking Soda	https://www.eatthismuch.com/food/nutrition/baking-soda,4275	\N	t	0	227	14	0	-infinity	\N
74	\N	Sea Salt	https://www.eatthismuch.com/food/nutrition/sea-salt,656072/	\N	t	0	258	1	0	-infinity	\N
9	\N	Avocados	https://www.eatthismuch.com/food/nutrition/avocados,1334/	\N	f	0	201	201	0	-infinity	\N
144	\N	Spring Onions	\N	\N	f	0	240	100	0	-infinity	\N
105	\N	Red Onions	\N	\N	f	0	240	100	0	-infinity	\N
7	\N	Carrots	\N	\N	f	0	240	100	0	-infinity	\N
19	\N	Spaghetti Pasta	\N	\N	f	0	240	100	0	-infinity	\N
156	\N	Brussel Sprouts	\N	\N	f	0	240	100	0	-infinity	\N
157	\N	Pears	\N	\N	f	0	240	100	0	-infinity	\N
8	\N	Bell Peppers	\N	\N	f	0	240	100	0	-infinity	\N
75	\N	Kosher Salt	\N	\N	t	0	240	100	0	-infinity	\N
76	\N	Coconut Oil	\N	\N	f	0	240	100	0	-infinity	\N
78	\N	Vegetable Oil	\N	\N	f	0	240	100	0	-infinity	\N
79	\N	Canola Oil	\N	\N	f	0	240	100	0	-infinity	\N
80	\N	Apple Cider Vinegar	\N	\N	f	0	240	100	0	-infinity	\N
81	\N	Balsamic Vinegar	\N	\N	f	0	240	100	0	-infinity	\N
13	\N	Cilantro	\N	\N	f	0	240	100	0	-infinity	\N
14	\N	Basil	\N	\N	f	0	240	100	0	-infinity	\N
15	\N	Yellow Potatoes	\N	\N	f	0	240	100	0	-infinity	\N
20	\N	Quinoa	\N	\N	f	0	240	100	0	-infinity	\N
25	\N	Ground Beef	\N	\N	f	0	240	100	0	-infinity	\N
34	\N	Baking Powder	\N	\N	t	0	240	100	0	-infinity	\N
36	\N	Granulated Sugar	\N	\N	f	0	240	100	0	-infinity	\N
37	\N	Brown Sugar	\N	\N	f	0	240	100	0	-infinity	\N
38	\N	All-Purpose Flour	\N	\N	t	0	240	100	0	-infinity	\N
39	\N	Honey	\N	\N	t	0	240	100	0	-infinity	\N
40	\N	Vanilla Extract	\N	\N	t	0	240	100	0	-infinity	\N
41	\N	Dry Yeast	\N	\N	f	0	240	100	0	-infinity	\N
44	\N	Powdered Sugar	\N	\N	f	0	240	100	0	-infinity	\N
45	\N	Pie Crust	\N	\N	f	0	240	100	0	-infinity	\N
173	\N	Plums	\N	\N	f	0	240	66	30.4	2024-06-14	\N
42	\N	Chocolate Chips	\N	\N	f	0	240	100	0	2024-06-09	\N
136	\N	Tortillas, Whole-Wheat	\N	\N	f	0	240	100	0	-infinity	191
23	\N	Tortillas, Flour	https://www.eatthismuch.com/calories/flour-tortillas,101262	\N	f	0	240	45	0	-infinity	191
30	\N	Cheese, Chedder	\N	\N	f	0	240	100	0	-infinity	\N
96	\N	Cheese, Mexican	\N	\N	f	0	240	100	0	-infinity	\N
139	\N	Rye Bread	\N	\N	f	32	240	100	0	-infinity	22
12	\N	Limes	https://www.eatthismuch.com/calories/limes,1438	\N	f	0	240	67	20	2024-06-10	\N
16	\N	Spinach	https://www.eatthismuch.com/calories/fresh-spinach,2211687	\N	f	0	57	85	40	2024-06-10	\N
145	\N	Fusilli Pasta	https://www.eatthismuch.com/calories/fusilli-pasta,2321079	\N	f	4	107	80	300	2024-06-10	\N
133	\N	Evaporated Milk	\N	\N	f	0	240	100	0	-infinity	\N
46	\N	Pizza Crust	\N	\N	f	0	240	100	0	-infinity	\N
48	\N	Salsa	\N	\N	f	0	240	100	0	-infinity	\N
53	\N	Earl Gray Tea	\N	\N	f	0	240	100	0	-infinity	\N
52	\N	Coffee	\N	\N	f	0	240	100	0	-infinity	\N
54	\N	Black Beans	\N	\N	f	0	240	100	0	-infinity	\N
57	\N	Chickpeas	\N	\N	f	0	240	100	0	-infinity	\N
58	\N	Baked Beans	\N	\N	f	0	240	100	0	-infinity	\N
61	\N	Mayo	\N	\N	f	0	240	100	0	-infinity	\N
60	\N	Mustard	\N	\N	t	0	240	100	0	-infinity	\N
62	\N	Soy Sauce	\N	\N	f	0	240	100	0	-infinity	\N
63	\N	Steak Sauce	\N	\N	f	0	240	100	0	-infinity	\N
64	\N	Hot Sauce	\N	\N	f	0	240	100	0	-infinity	\N
65	\N	Buffalo Sauce	\N	\N	f	0	240	100	0	-infinity	\N
66	\N	Ranch Dressing	\N	\N	f	0	240	100	0	-infinity	\N
67	\N	Black Pepper	\N	\N	t	0	240	100	0	-infinity	\N
149	\N	Green Peas	\N	\N	f	0	240	100	0	-infinity	\N
43	\N	Cocoa Powder	\N	\N	f	0	240	100	0	-infinity	\N
82	\N	Red Wine Vinegar	\N	\N	f	0	240	100	0	-infinity	\N
84	\N	White Wine Vinegar	\N	\N	f	0	240	100	0	-infinity	\N
85	\N	White Wine	\N	\N	f	0	240	100	0	-infinity	\N
86	\N	Red Wine	\N	\N	f	0	240	100	0	-infinity	\N
93	\N	Refried Beans	\N	\N	f	0	240	100	0	-infinity	\N
94	\N	Sausage	\N	\N	f	0	240	100	0	-infinity	\N
99	\N	Stir-Fry Vegtables	\N	\N	f	0	240	100	0	-infinity	\N
100	\N	Teriyaki Sauce	\N	\N	f	0	240	100	0	-infinity	\N
152	\N	Dates	\N	\N	f	0	240	100	0	-infinity	\N
151	\N	Coconut	\N	\N	f	4	240	100	0	-infinity	\N
88	\N	Peanuts	\N	\N	f	8	240	100	0	-infinity	\N
159	\N	Watermelon	\N	\N	f	0	240	100	0	-infinity	\N
47	\N	Chicken Stock	\N	\N	f	0	240	100	0	-infinity	\N
51	\N	Tuna	\N	\N	f	128	240	100	0	-infinity	\N
90	\N	Walnuts	\N	\N	f	4	240	100	0	-infinity	\N
137	\N	Wholemeal Linguine	\N	\N	f	32	240	100	0	-infinity	\N
103	\N	Red Potatoes	\N	\N	f	0	240	100	0	-infinity	\N
91	\N	Unsalted Tortilla Chips	\N	\N	f	0	240	100	0	-infinity	\N
154	\N	Rice Cakes, White	\N	\N	f	0	240	100	0	-infinity	\N
49	\N	Jelly, Grape	https://www.eatthismuch.com/nutrition/grape-jelly,1603978	\N	f	0	340	14	0	-infinity	\N
109	\N	Egg Noodles	https://www.eatthismuch.com/food/nutrition/egg-noodles,4865/	\N	f	34	160	160	0	-infinity	\N
134	\N	Cheese, Pepper Jack	\N	\N	f	1	240	100	0	-infinity	\N
68	\N	Chili Powder	https://www.eatthismuch.com/food/nutrition/chili-powder,184/	\N	t	0	135	0	0	-infinity	\N
56	\N	Peanut Butter, Creamy (Reduced Fat)	\N	\N	f	0	240	100	0	-infinity	\N
59	\N	Ketchup	https://www.eatthismuch.com/food/nutrition/ketchup,5817/	\N	t	0	240	240	0	-infinity	\N
50	\N	Jam, Grape	\N	\N	f	0	240	100	0	-infinity	\N
89	\N	Pecans	\N	\N	f	4	100	100	0	-infinity	\N
6	\N	Broccoli	https://www.eatthismuch.com/food/nutrition/broccoli,1885?a=1.0989%3A0	\N	f	0	91	100	34	-infinity	\N
174	\N	Lettuce, Romaine	\N	\N	f	0	240	100	0	-infinity	\N
175	\N	Tomatoes, Grape	\N	\N	f	0	240	100	0	-infinity	\N
147	\N	Tomatoes, Cherry	\N	\N	f	0	240	100	0	-infinity	\N
176	\N	Avocado Oil	\N	\N	f	256	240	100	0	-infinity	\N
177	\N	Corn Oil	\N	\N	f	256	240	100	0	-infinity	\N
185	\N	Oats, Steel-Cut	\N	\N	f	0	240	100	0	-infinity	\N
142	\N	Oats, Porridge	\N	\N	f	0	240	100	0	-infinity	\N
141	\N	Oats, Rolled	\N	\N	f	0	240	100	0	-infinity	\N
186	\N	Milk	\N	\N	f	0	240	100	0	-infinity	\N
31	\N	Milk, Cow (Whole)	\N	\N	f	0	240	100	0	-infinity	186
160	\N	Milk, Cow (1%)	\N	\N	f	0	240	100	0	-infinity	186
161	\N	Milk, Almond	\N	\N	f	4	240	100	0	-infinity	186
162	\N	Milk, Soy	\N	\N	f	64	240	100	0	-infinity	186
178	\N	Milk, Coconut	\N	\N	f	4	240	100	0	-infinity	186
179	\N	Milk, Oat	\N	\N	f	0	240	100	0	-infinity	186
95	\N	Cheese, Parmesan	\N	\N	f	0	240	100	0	-infinity	\N
17	\N	Tomatoes	https://www.eatthismuch.com/food/nutrition/tomatoes,2226/	\N	f	0	123	123	22.1	-infinity	\N
55	\N	Pasta Sauce	https://www.eatthismuch.com/food/nutrition/pasta-sauce,871/	\N	f	0	257	257	131.1	2024-06-14	\N
92	\N	Cashews	\N	\N	f	0	240	100	0	2024-06-12	\N
150	\N	Celery	\N	\N	f	0	240	100	0	2024-06-12	\N
155	\N	Cucumber	https://www.eatthismuch.com/food/nutrition/cucumber,1971/	\N	f	0	301	301	45.2	2024-06-12	\N
163	\N	Milk, Cow (Skim)	https://www.eatthismuch.com/food/nutrition/skim-milk,4070520/	\N	f	0	240	100	0	-infinity	186
164	\N	Eggs, White	\N	\N	f	8	240	50	0	-infinity	187
28	\N	Eggs, Brown	https://www.eatthismuch.com/food/nutrition/egg,103/	\N	f	2	240	50	0	-infinity	187
21	\N	Rice, Wild	\N	\N	f	0	240	100	0	-infinity	188
97	\N	Rice, White	https://www.eatthismuch.com/food/nutrition/white-rice,4814/	\N	f	0	200	200	0	-infinity	188
98	\N	Rice, Brown	\N	\N	f	0	240	100	0	-infinity	188
29	\N	Butter	https://www.eatthismuch.com/food/nutrition/butter,1	\N	t	1	240	14	102	-infinity	\N
170	\N	Tortillas, Corn	https://www.livestrong.com/article/418019-the-nutritional-benefits-of-corn-tortillas/	\N	f	8192	240	47	100	-infinity	191
119	\N	Cheese, Mozzarella	\N	\N	f	1	240	100	0	-infinity	\N
26	\N	Ham	https://www.eatthismuch.com/food/nutrition/sliced-ham,905/	\N	f	0	240	28	45.6	-infinity	\N
87	\N	Crackers	\N	\N	f	0	240	100	0	2024-06-10	\N
22	\N	Bread Loaf	\N	\N	f	32	240	100	0	-infinity	\N
146	\N	Wholemeal Rye Bread	\N	\N	f	0	240	100	0	-infinity	22
181	\N	Milk, Hemp	\N	\N	f	64	240	100	0	-infinity	186
182	\N	Milk, Macadamia	\N	\N	f	64	240	100	0	-infinity	186
183	\N	Milk, Cashew	\N	\N	f	64	240	100	0	-infinity	186
184	\N	Milk, Rice	\N	\N	f	64	240	100	0	-infinity	186
187	\N	Eggs	https://www.eatthismuch.com/food/nutrition/egg,103/	\N	f	2	240	50	0	-infinity	\N
188	\N	Rice	\N	\N	f	0	240	100	0	-infinity	\N
189	\N	Butter, Salted	https://www.eatthismuch.com/food/nutrition/butter,1	\N	t	1	240	100	0	-infinity	29
190	\N	Butter, Unsalted	https://www.eatthismuch.com/food/nutrition/butter,1	\N	t	1	240	100	0	-infinity	29
148	\N	Baby Spinach	\N	\N	f	0	240	100	0	2024-06-09	\N
191	\N	Tortillas	https://www.eatthismuch.com/calories/flour-tortillas,101262	\N	f	0	240	45	0	-infinity	\N
135	\N	Monterey Jack Cheese	https://www.eatthismuch.com/calories/monterey-jack-cheese,136752	\N	f	1	240	28	110	2024-06-09	\N
32	\N	Sour Cream	https://www.eatthismuch.com/food/nutrition/sour-cream,55/	\N	f	1	230	230	443.9	2024-06-09	\N
192	\N	Sour Cream, Reduced Fat	https://www.eatthismuch.com/food/nutrition/sour-cream,55/	\N	f	1	230	230	443.9	2024-06-09	32
193	\N	Bread Loaf, White	\N	\N	f	32	240	100	0	-infinity	22
169	\N	Multigrain Bread	\N	\N	f	32	240	100	0	-infinity	22
126	\N	Kielbasa Sausage	https://www.eatthismuch.com/food/nutrition/kielbasa-sausage,2717250/	\N	f	0	240	100	140	2024-06-11	\N
153	\N	Rice Cakes, Brown	https://www.eatthismuch.com/food/nutrition/brown-rice-cakes,4204545	\N	f	0	35	35	134	2024-06-11	\N
180	\N	Quinoa Milk, Vanilla	https://www.eatthismuch.com/food/nutrition/quinoa-milk-vanilla,2308361	\N	f	0	240	240	70	2024-06-11	186
101	\N	Sesame Oil	https://www.eatthismuch.com/food/nutrition/sesame-oil,2628816/	\N	f	64	216	13.6	45	2024-06-11	\N
11	\N	Bananas	https://www.eatthismuch.com/food/nutrition/bananas,2120235	\N	f	0	240	126	110	2024-06-12	\N
83	\N	Vinegar, Distilled White	https://www.eatthismuch.com/food/nutrition/distilled-white-vinegar,4175275/	\N	f	0	230	14	0	2024-06-13	\N
77	\N	Olive Oil	https://www.eatthismuch.com/food/nutrition/olive-oil,266/	\N	f	0	216	14	119	2024-06-13	\N
3	\N	Yellow Onions	https://www.eatthismuch.com/food/nutrition/yellow-onion,89980/	\N	f	0	148	148	45	2024-06-13	\N
24	\N	Boneless Chicken Breast	https://www.eatthismuch.com/food/nutrition/boneless-chicken-breasts,4204785	\N	f	0	240	112	120	2024-06-13	\N
1	\N	Apples	https://www.eatthismuch.com/food/nutrition/apples,1300/	\N	f	0	182	182	94.6	2024-06-14	\N
27	\N	Deli Turkey	https://www.eatthismuch.com/food/nutrition/deli-sliced-oven-roasted-turkey-breast,101465/	\N	f	0	13	51	50	2024-06-14	\N
\.


--
-- Data for Name: nutrient; Type: TABLE DATA; Schema: public; Owner: -
--

COPY public.nutrient ("Id", "IngredientId", "Nutrients", "Notes", "DisabledReason", "Measure", "Value", "Synthetic") FROM stdin;
3482	26	2251799813685248	\N	\N	13	0.1	f
3483	26	4503599627370496	\N	\N	13	0.2	f
3484	26	9007199254740992	\N	\N	13	0.3	f
3485	26	18014398509481984	\N	\N	13	0.3	f
3486	26	36028797018963968	\N	\N	13	0.1	f
3487	26	72057594037927936	\N	\N	13	0.1	f
3488	26	144115188075855872	\N	\N	13	0.2	f
3489	26	288230376151711744	\N	\N	13	0	f
3490	26	576460752303423488	\N	\N	13	0.2	f
3491	26	4611686018427387904	\N	\N	13	0	f
3492	26	2305843009213693952	\N	\N	13	0.2	f
3493	26	1152921504606846976	\N	\N	13	0.2	f
3494	26	4096	\N	\N	17	0	f
3495	26	32768	\N	\N	17	0	f
3496	26	16384	\N	\N	17	0	f
3497	26	8192	\N	\N	17	0	f
3498	26	4	\N	\N	13	0	f
3499	26	8	\N	\N	13	0	f
3500	26	32	\N	\N	13	0	f
3501	26	16	\N	\N	13	0	f
3502	26	2	\N	\N	13	0	f
3504	26	128	\N	\N	13	0.8	f
3505	26	64	\N	\N	13	0	f
3506	26	256	\N	\N	13	1.2	f
3507	26	512	\N	\N	13	0	f
3508	26	1024	\N	\N	13	0	f
3509	26	562949953421312	\N	\N	17	1.5	f
3510	26	281474976710656	\N	\N	17	22.9	f
3511	26	1125899906842624	\N	\N	13	0	f
3512	26	70368744177664	\N	\N	17	0	f
3513	26	1073741824	\N	\N	17	6.7	f
3514	26	2147483648	\N	\N	17	0	f
3515	26	34359738368	\N	\N	18	0	f
3516	26	68719476736	\N	\N	18	0	f
3517	26	137438953472	\N	\N	18	0	f
3518	26	274877906944	\N	\N	18	0	f
3519	26	549755813888	\N	\N	17	0.3	f
3520	26	4294967296	\N	\N	17	6.2	f
3521	26	1099511627776	\N	\N	17	0.2	f
3522	26	8796093022208	\N	\N	18	0	f
3524	26	8589934592	\N	\N	17	80.4	f
3525	26	2199023255552	\N	\N	18	5.8	f
3526	26	17179869184	\N	\N	17	320	f
3527	26	35184372088832	\N	\N	17	0	f
3528	26	140737488355328	\N	\N	18	0	f
3529	26	4398046511104	\N	\N	17	0.4	f
3530	26	1	\N	\N	13	4.6	f
3531	26	65536	\N	\N	17	0	f
3532	26	131072	\N	\N	18	0	f
3533	26	262144	\N	\N	17	0.2	f
3534	26	33554432	\N	\N	18	0.1	f
3535	26	524288	\N	\N	17	0	f
3536	26	1048576	\N	\N	17	0.8	f
3537	26	2097152	\N	\N	17	0	f
3538	26	4194304	\N	\N	17	0.1	f
3539	26	8388608	\N	\N	18	0	f
3540	26	16777216	\N	\N	18	2	f
3541	26	67108864	\N	\N	17	1.1	f
3542	26	134217728	\N	\N	18	0.2	f
3543	26	268435456	\N	\N	17	0	f
3544	26	536870912	\N	\N	18	0	f
3545	26	24576	\N	\N	13	0	f
3546	26	48	\N	\N	13	0.4	f
3547	26	1536	\N	\N	13	0.2	f
3548	26	98304	\N	\N	13	0	f
3549	26	196608	\N	\N	13	0	f
3550	26	28672	\N	\N	13	0	f
3551	26	1792	\N	\N	13	1.2	f
3552	26	62	\N	\N	13	1.1	f
3553	26	1984	\N	\N	13	2.4	f
3503	26	2048	\N	\N	17	0	f
4232	101	128	\N	\N	13	1.9	f
4234	101	256	\N	\N	13	5.4	f
4287	153	9007199254740992	\N	\N	13	0	f
4288	153	18014398509481984	\N	\N	13	0	f
4289	153	36028797018963968	\N	\N	13	0	f
4290	153	72057594037927936	\N	\N	13	0	f
4291	153	144115188075855872	\N	\N	13	0	f
4292	153	288230376151711744	\N	\N	13	0	f
4293	153	576460752303423488	\N	\N	13	0	f
4294	153	1152921504606846976	\N	\N	13	0	f
4295	153	2305843009213693952	\N	\N	13	0	f
4296	153	-9223372036854775808	\N	\N	13	0	f
4297	153	4611686018427387904	\N	\N	13	0	f
4298	153	4096	\N	\N	17	0	f
4299	153	16384	\N	\N	17	0	f
4300	153	8192	\N	\N	17	0	f
4301	153	4	\N	\N	13	0	f
4302	153	8	\N	\N	13	0	f
4303	153	32	\N	\N	13	0	f
4304	153	16	\N	\N	13	0	f
4305	153	2	\N	\N	13	0	f
4306	153	2048	\N	\N	17	0	f
4307	153	128	\N	\N	13	0.1	f
4308	153	64	\N	\N	13	0	f
4309	153	256	\N	\N	13	0	f
4310	153	512	\N	\N	13	0	f
4311	153	1024	\N	\N	13	0	f
4312	153	4503599627370496	\N	\N	17	0	f
4313	153	2251799813685248	\N	\N	17	0	f
4314	153	1125899906842624	\N	\N	13	0	f
4315	153	281474976710656	\N	\N	17	0	f
4316	153	4294967296	\N	\N	17	0	f
4317	153	8589934592	\N	\N	17	0	f
4318	153	137438953472	\N	\N	18	0	f
4319	153	274877906944	\N	\N	18	0	f
4320	153	549755813888	\N	\N	18	0	f
4321	153	1099511627776	\N	\N	18	0	f
4322	153	2199023255552	\N	\N	17	0	f
4323	153	17179869184	\N	\N	17	0	f
4324	153	4398046511104	\N	\N	17	0	f
4325	153	35184372088832	\N	\N	18	0	f
4326	153	70368744177664	\N	\N	17	0	f
4327	153	34359738368	\N	\N	17	0	f
4328	153	8796093022208	\N	\N	18	0	f
4329	153	68719476736	\N	\N	17	1	f
4330	153	140737488355328	\N	\N	17	0	f
4331	153	562949953421312	\N	\N	18	0	f
4332	153	17592186044416	\N	\N	17	0	f
4333	153	1	\N	\N	13	3	f
3523	26	17592186044416	\N	\N	17	0	f
4437	153	2047	\N	\N	13	134	f
3554	28	2251799813685248	\N	\N	13	0	f
3555	28	4503599627370496	\N	\N	13	0	f
3556	28	9007199254740992	\N	\N	13	0	f
3557	28	18014398509481984	\N	\N	13	0	f
3558	28	36028797018963968	\N	\N	13	0	f
3559	28	72057594037927936	\N	\N	13	0	f
3560	28	144115188075855872	\N	\N	13	0	f
3561	28	288230376151711744	\N	\N	13	0	f
3562	28	576460752303423488	\N	\N	13	0	f
3563	28	4611686018427387904	\N	\N	13	0	f
3564	28	2305843009213693952	\N	\N	13	0	f
3565	28	1152921504606846976	\N	\N	13	0	f
3566	28	4096	\N	\N	17	0	f
3567	28	32768	\N	\N	17	0	f
3568	28	16384	\N	\N	17	0	f
3569	28	8192	\N	\N	17	0	f
3570	28	4	\N	\N	13	0	f
3571	28	8	\N	\N	13	0	f
3572	28	32	\N	\N	13	0	f
3573	28	16	\N	\N	13	0	f
3574	28	2	\N	\N	13	0	f
3576	28	128	\N	\N	13	0	f
3577	28	64	\N	\N	13	0	f
3578	28	256	\N	\N	13	0	f
3579	28	512	\N	\N	13	0	f
3580	28	1024	\N	\N	13	0	f
3581	28	562949953421312	\N	\N	17	0	f
3582	28	281474976710656	\N	\N	17	0	f
3583	28	1125899906842624	\N	\N	13	0	f
3584	28	70368744177664	\N	\N	17	0	f
3585	28	1073741824	\N	\N	17	0	f
3586	28	2147483648	\N	\N	17	0	f
3587	28	34359738368	\N	\N	18	0	f
3588	28	68719476736	\N	\N	18	0	f
3589	28	137438953472	\N	\N	18	0	f
3590	28	274877906944	\N	\N	18	0	f
3591	28	549755813888	\N	\N	17	0	f
3592	28	4294967296	\N	\N	17	0	f
3593	28	1099511627776	\N	\N	17	0	f
3594	28	8796093022208	\N	\N	18	0	f
3595	28	17592186044416	\N	\N	17	0	f
3596	28	8589934592	\N	\N	17	0	f
3597	28	2199023255552	\N	\N	18	0	f
3598	28	17179869184	\N	\N	17	0	f
3599	28	35184372088832	\N	\N	17	0	f
3600	28	140737488355328	\N	\N	18	0	f
3601	28	4398046511104	\N	\N	17	0	f
3602	28	1	\N	\N	13	0	f
3603	28	65536	\N	\N	17	0	f
3604	28	131072	\N	\N	18	0	f
3605	28	262144	\N	\N	17	0	f
3606	28	33554432	\N	\N	18	0	f
3607	28	524288	\N	\N	17	0	f
3608	28	1048576	\N	\N	17	0	f
3609	28	2097152	\N	\N	17	0	f
3610	28	4194304	\N	\N	17	0	f
3611	28	8388608	\N	\N	18	0	f
3612	28	16777216	\N	\N	18	0	f
3613	28	67108864	\N	\N	17	0	f
3614	28	134217728	\N	\N	18	0	f
3615	28	268435456	\N	\N	17	0	f
3616	28	536870912	\N	\N	18	0	f
3617	28	24576	\N	\N	13	0	f
3618	28	48	\N	\N	13	0	f
3619	28	1536	\N	\N	13	0	f
3620	28	98304	\N	\N	13	0	f
3621	28	196608	\N	\N	13	0	f
3622	28	28672	\N	\N	13	0	f
3623	28	1792	\N	\N	13	0	f
3624	28	62	\N	\N	13	0	f
3625	28	1984	\N	\N	13	4.8	f
3575	28	2048	\N	\N	17	0	f
4334	153	32768	\N	\N	17	0	f
4335	153	65536	\N	\N	17	0	f
4336	153	131072	\N	\N	18	0	f
4337	153	262144	\N	\N	17	0	f
4338	153	33554432	\N	\N	18	0	f
4339	153	524288	\N	\N	17	0	f
4340	153	1048576	\N	\N	17	0	f
4341	153	2097152	\N	\N	17	0	f
4342	153	4194304	\N	\N	17	0	f
4343	153	8388608	\N	\N	18	0	f
4344	153	16777216	\N	\N	18	0	f
4345	153	67108864	\N	\N	17	0	f
4346	153	134217728	\N	\N	18	0	f
4347	153	268435456	\N	\N	18	0	f
4348	153	536870912	\N	\N	17	0	f
4349	153	1073741824	\N	\N	18	0	f
4350	153	2147483648	\N	\N	18	0	f
4351	153	12288	\N	\N	17	0	f
4352	153	48	\N	\N	13	0.4	f
4353	153	1536	\N	\N	13	0	f
4354	153	98304	\N	\N	17	0	f
4355	153	402653184	\N	\N	18	0	f
4356	153	3221225472	\N	\N	18	0	f
4357	153	1792	\N	\N	13	0	f
4358	153	114688	\N	\N	18	0	f
4359	153	229376	\N	\N	18	0	f
4360	153	62	\N	\N	13	30	f
4361	153	1984	\N	\N	13	0.1	f
4362	180	9007199254740992	\N	\N	13	0	f
4363	180	18014398509481984	\N	\N	13	0	f
4364	180	36028797018963968	\N	\N	13	0	f
4365	180	72057594037927936	\N	\N	13	0	f
4366	180	144115188075855872	\N	\N	13	0	f
4367	180	288230376151711744	\N	\N	13	0	f
4368	180	576460752303423488	\N	\N	13	0	f
4369	180	1152921504606846976	\N	\N	13	0	f
4370	180	2305843009213693952	\N	\N	13	0	f
4371	180	-9223372036854775808	\N	\N	13	0	f
4372	180	4611686018427387904	\N	\N	13	0	f
4373	180	4096	\N	\N	17	0	f
4374	180	16384	\N	\N	17	0	f
4375	180	8192	\N	\N	17	0	f
4376	180	4	\N	\N	13	0	f
4377	180	8	\N	\N	13	0	f
4378	180	32	\N	\N	13	0	f
4379	180	16	\N	\N	13	0	f
4380	180	2	\N	\N	13	2	f
4381	180	2048	\N	\N	17	0	f
4382	180	128	\N	\N	13	0	f
4438	11	256	\N	\N	13	0	f
3626	187	2251799813685248	\N	\N	13	0	f
3627	187	4503599627370496	\N	\N	13	0	f
3628	187	9007199254740992	\N	\N	13	0	f
3629	187	18014398509481984	\N	\N	13	0	f
3630	187	36028797018963968	\N	\N	13	0	f
3631	187	72057594037927936	\N	\N	13	0	f
3632	187	144115188075855872	\N	\N	13	0	f
3633	187	288230376151711744	\N	\N	13	0	f
3634	187	576460752303423488	\N	\N	13	0	f
3635	187	4611686018427387904	\N	\N	13	0	f
3636	187	2305843009213693952	\N	\N	13	0	f
3637	187	1152921504606846976	\N	\N	13	0	f
3638	187	4096	\N	\N	17	0	f
3639	187	32768	\N	\N	17	0	f
3640	187	16384	\N	\N	17	0	f
3641	187	8192	\N	\N	17	0	f
3642	187	4	\N	\N	13	0	f
3643	187	8	\N	\N	13	0	f
3644	187	32	\N	\N	13	0	f
3645	187	16	\N	\N	13	0	f
3646	187	2	\N	\N	13	0	f
3648	187	128	\N	\N	13	0	f
3649	187	64	\N	\N	13	0	f
3650	187	256	\N	\N	13	0	f
3651	187	512	\N	\N	13	0	f
3652	187	1024	\N	\N	13	0	f
3653	187	562949953421312	\N	\N	17	0	f
3654	187	281474976710656	\N	\N	17	0	f
3655	187	1125899906842624	\N	\N	13	0	f
3656	187	70368744177664	\N	\N	17	0	f
3657	187	1073741824	\N	\N	17	0	f
3658	187	2147483648	\N	\N	17	0	f
3659	187	34359738368	\N	\N	18	0	f
3660	187	68719476736	\N	\N	18	0	f
3661	187	137438953472	\N	\N	18	0	f
3662	187	274877906944	\N	\N	18	0	f
3663	187	549755813888	\N	\N	17	0	f
3664	187	4294967296	\N	\N	17	0	f
3665	187	1099511627776	\N	\N	17	0	f
3666	187	8796093022208	\N	\N	18	0	f
3667	187	17592186044416	\N	\N	17	0	f
3668	187	8589934592	\N	\N	17	0	f
3669	187	2199023255552	\N	\N	18	0	f
3670	187	17179869184	\N	\N	17	0	f
3671	187	35184372088832	\N	\N	17	0	f
3672	187	140737488355328	\N	\N	18	0	f
3673	187	4398046511104	\N	\N	17	0	f
3674	187	1	\N	\N	13	0	f
3675	187	65536	\N	\N	17	0	f
3676	187	131072	\N	\N	18	0	f
3677	187	262144	\N	\N	17	0	f
3678	187	33554432	\N	\N	18	0	f
3679	187	524288	\N	\N	17	0	f
3680	187	1048576	\N	\N	17	0	f
3681	187	2097152	\N	\N	17	0	f
3682	187	4194304	\N	\N	17	0	f
3683	187	8388608	\N	\N	18	0	f
3684	187	16777216	\N	\N	18	0	f
3685	187	67108864	\N	\N	17	0	f
3686	187	134217728	\N	\N	18	0	f
3687	187	268435456	\N	\N	17	0	f
3688	187	536870912	\N	\N	18	0	f
3689	187	24576	\N	\N	13	0	f
3690	187	48	\N	\N	13	0	f
3691	187	1536	\N	\N	13	0	f
3692	187	98304	\N	\N	13	0	f
3693	187	196608	\N	\N	13	0	f
3694	187	28672	\N	\N	13	0	f
3695	187	1792	\N	\N	13	0	f
3696	187	62	\N	\N	13	0	f
3697	187	1984	\N	\N	13	4.8	f
3647	187	2048	\N	\N	17	0	f
4383	180	64	\N	\N	13	0	f
4384	180	256	\N	\N	13	0	f
4385	180	512	\N	\N	13	0	f
4386	180	1024	\N	\N	13	0	f
4387	180	4503599627370496	\N	\N	17	0	f
4388	180	2251799813685248	\N	\N	17	0	f
4389	180	1125899906842624	\N	\N	13	0	f
4390	180	281474976710656	\N	\N	17	0	f
4391	180	4294967296	\N	\N	17	300	f
4392	180	8589934592	\N	\N	17	0	f
4393	180	137438953472	\N	\N	18	0	f
4394	180	274877906944	\N	\N	18	0	f
4395	180	549755813888	\N	\N	18	0	f
4396	180	1099511627776	\N	\N	18	0	f
4397	180	2199023255552	\N	\N	17	1	f
4398	180	17179869184	\N	\N	17	0	f
4399	180	4398046511104	\N	\N	17	0	f
4400	180	35184372088832	\N	\N	18	0	f
4401	180	70368744177664	\N	\N	17	0	f
4402	180	34359738368	\N	\N	17	0	f
4403	180	8796093022208	\N	\N	18	0	f
4404	180	68719476736	\N	\N	17	110	f
4405	180	140737488355328	\N	\N	17	0	f
4406	180	562949953421312	\N	\N	18	0	f
4407	180	17592186044416	\N	\N	17	0	f
4408	180	1	\N	\N	13	2	f
4409	180	32768	\N	\N	17	0	f
4410	180	65536	\N	\N	17	0	f
4411	180	131072	\N	\N	18	0	f
4412	180	262144	\N	\N	17	0	f
4413	180	33554432	\N	\N	18	0	f
4414	180	524288	\N	\N	17	0	f
4415	180	1048576	\N	\N	17	0	f
4416	180	2097152	\N	\N	17	0	f
4417	180	4194304	\N	\N	17	0	f
4418	180	8388608	\N	\N	18	0	f
4419	180	16777216	\N	\N	18	0	f
4420	180	67108864	\N	\N	17	0	f
4421	180	134217728	\N	\N	18	0	f
4422	180	268435456	\N	\N	18	0	f
4423	180	536870912	\N	\N	17	0	f
4424	180	1073741824	\N	\N	18	0	f
4425	180	2147483648	\N	\N	18	0	f
4426	180	12288	\N	\N	17	0	f
4427	180	48	\N	\N	13	0	f
4428	180	1536	\N	\N	13	0	f
4429	180	98304	\N	\N	17	0	f
4430	180	402653184	\N	\N	18	0	f
4431	180	3221225472	\N	\N	18	0	f
4439	11	512	\N	\N	13	0	f
3698	164	2251799813685248	\N	\N	13	0	f
3699	164	4503599627370496	\N	\N	13	0	f
3700	164	9007199254740992	\N	\N	13	0	f
3701	164	18014398509481984	\N	\N	13	0	f
3702	164	36028797018963968	\N	\N	13	0	f
3703	164	72057594037927936	\N	\N	13	0	f
3704	164	144115188075855872	\N	\N	13	0	f
3705	164	288230376151711744	\N	\N	13	0	f
3706	164	576460752303423488	\N	\N	13	0	f
3707	164	4611686018427387904	\N	\N	13	0	f
3708	164	2305843009213693952	\N	\N	13	0	f
3709	164	1152921504606846976	\N	\N	13	0	f
3710	164	4096	\N	\N	17	0	f
3711	164	32768	\N	\N	17	0	f
3712	164	16384	\N	\N	17	0	f
3713	164	8192	\N	\N	17	0	f
3714	164	4	\N	\N	13	0	f
3715	164	8	\N	\N	13	0	f
3716	164	32	\N	\N	13	0	f
3717	164	16	\N	\N	13	0	f
3718	164	2	\N	\N	13	0	f
3720	164	128	\N	\N	13	0	f
3721	164	64	\N	\N	13	0	f
3722	164	256	\N	\N	13	0	f
3723	164	512	\N	\N	13	0	f
3724	164	1024	\N	\N	13	0	f
3725	164	562949953421312	\N	\N	17	0	f
3726	164	281474976710656	\N	\N	17	0	f
3727	164	1125899906842624	\N	\N	13	0	f
3728	164	70368744177664	\N	\N	17	0	f
3729	164	1073741824	\N	\N	17	0	f
3730	164	2147483648	\N	\N	17	0	f
3731	164	34359738368	\N	\N	18	0	f
3732	164	68719476736	\N	\N	18	0	f
3733	164	137438953472	\N	\N	18	0	f
3734	164	274877906944	\N	\N	18	0	f
3735	164	549755813888	\N	\N	17	0	f
3736	164	4294967296	\N	\N	17	0	f
3737	164	1099511627776	\N	\N	17	0	f
3738	164	8796093022208	\N	\N	18	0	f
3739	164	17592186044416	\N	\N	17	0	f
3740	164	8589934592	\N	\N	17	0	f
3741	164	2199023255552	\N	\N	18	0	f
3742	164	17179869184	\N	\N	17	0	f
3743	164	35184372088832	\N	\N	17	0	f
3744	164	140737488355328	\N	\N	18	0	f
3745	164	4398046511104	\N	\N	17	0	f
3746	164	1	\N	\N	13	0	f
3747	164	65536	\N	\N	17	0	f
3748	164	131072	\N	\N	18	0	f
3749	164	262144	\N	\N	17	0	f
3750	164	33554432	\N	\N	18	0	f
3751	164	524288	\N	\N	17	0	f
3752	164	1048576	\N	\N	17	0	f
3753	164	2097152	\N	\N	17	0	f
3754	164	4194304	\N	\N	17	0	f
3755	164	8388608	\N	\N	18	0	f
3756	164	16777216	\N	\N	18	0	f
3757	164	67108864	\N	\N	17	0	f
3758	164	134217728	\N	\N	18	0	f
3759	164	268435456	\N	\N	17	0	f
3760	164	536870912	\N	\N	18	0	f
3761	164	24576	\N	\N	13	0	f
3762	164	48	\N	\N	13	0	f
3763	164	1536	\N	\N	13	0	f
3764	164	98304	\N	\N	13	0	f
3765	164	196608	\N	\N	13	0	f
3766	164	28672	\N	\N	13	0	f
3767	164	1792	\N	\N	13	0	f
3768	164	62	\N	\N	13	0	f
3769	164	1984	\N	\N	13	4.8	f
3719	164	2048	\N	\N	17	0	f
4432	180	1792	\N	\N	13	0	f
4433	180	114688	\N	\N	18	0	f
4434	180	229376	\N	\N	18	150	f
4435	180	62	\N	\N	13	12	f
4436	180	1984	\N	\N	13	1	f
4440	11	1024	\N	\N	13	0	f
4441	11	128	\N	\N	13	0	f
4442	11	64	\N	\N	13	0	f
4443	11	2048	\N	\N	17	0	f
4444	11	2	\N	\N	13	21	f
4445	11	4	\N	\N	13	0	f
4446	11	8	\N	\N	13	0	f
4447	11	16	\N	\N	13	0	f
4448	11	32	\N	\N	13	0	f
4449	11	1	\N	\N	13	1	f
4450	11	4096	\N	\N	17	0	f
4451	11	8192	\N	\N	17	0	f
4452	11	16384	\N	\N	17	0	f
4453	11	32768	\N	\N	17	0	f
4454	11	65536	\N	\N	17	0	f
4455	11	131072	\N	\N	18	0	f
4456	11	262144	\N	\N	17	0	f
4457	11	524288	\N	\N	17	0	f
4458	11	1048576	\N	\N	17	0	f
4459	11	2097152	\N	\N	17	0	f
4460	11	4194304	\N	\N	17	0	f
4461	11	8388608	\N	\N	18	0	f
4462	11	16777216	\N	\N	18	0	f
4463	11	33554432	\N	\N	18	0	f
4464	11	67108864	\N	\N	17	9	f
4465	11	134217728	\N	\N	18	0	f
4466	11	268435456	\N	\N	18	0	f
4467	11	536870912	\N	\N	17	0	f
4468	11	1073741824	\N	\N	18	0	f
4469	11	2147483648	\N	\N	18	0	f
4470	11	4294967296	\N	\N	17	0	f
4471	11	8589934592	\N	\N	17	0	f
4472	11	17179869184	\N	\N	17	0	f
4473	11	34359738368	\N	\N	17	0	f
4474	11	68719476736	\N	\N	17	0	f
4475	11	137438953472	\N	\N	18	0	f
4476	11	274877906944	\N	\N	18	0	f
4477	11	549755813888	\N	\N	18	0	f
4478	11	1099511627776	\N	\N	18	0	f
4479	11	2199023255552	\N	\N	17	0.4	f
4480	11	4398046511104	\N	\N	17	0	f
4481	11	8796093022208	\N	\N	18	0	f
4482	11	17592186044416	\N	\N	17	0	f
4483	11	35184372088832	\N	\N	18	0	f
4484	11	70368744177664	\N	\N	17	0	f
3771	97	4503599627370496	\N	\N	13	0	f
3772	97	9007199254740992	\N	\N	13	0	f
3773	97	18014398509481984	\N	\N	13	0	f
3774	97	36028797018963968	\N	\N	13	0	f
3775	97	72057594037927936	\N	\N	13	0	f
3776	97	144115188075855872	\N	\N	13	0	f
3777	97	288230376151711744	\N	\N	13	0	f
3778	97	576460752303423488	\N	\N	13	0	f
3779	97	4611686018427387904	\N	\N	13	0	f
3780	97	2305843009213693952	\N	\N	13	0	f
3781	97	1152921504606846976	\N	\N	13	0	f
3782	97	4096	\N	\N	17	0	f
3783	97	32768	\N	\N	17	0	f
3784	97	16384	\N	\N	17	0	f
3785	97	8192	\N	\N	17	0	f
3786	97	4	\N	\N	13	0	f
3787	97	8	\N	\N	13	0	f
3788	97	32	\N	\N	13	0	f
3789	97	16	\N	\N	13	0	f
3790	97	2	\N	\N	13	0	f
3792	97	128	\N	\N	13	0	f
3793	97	64	\N	\N	13	0	f
3794	97	256	\N	\N	13	0	f
3795	97	512	\N	\N	13	0	f
3796	97	1024	\N	\N	13	0	f
3797	97	562949953421312	\N	\N	17	0	f
3798	97	281474976710656	\N	\N	17	0	f
3799	97	1125899906842624	\N	\N	13	0	f
3800	97	70368744177664	\N	\N	17	0	f
3801	97	1073741824	\N	\N	17	0	f
3802	97	2147483648	\N	\N	17	0	f
3803	97	34359738368	\N	\N	18	0	f
3804	97	68719476736	\N	\N	18	0	f
3805	97	137438953472	\N	\N	18	0	f
3806	97	274877906944	\N	\N	18	0	f
3807	97	549755813888	\N	\N	17	0	f
3808	97	4294967296	\N	\N	17	0	f
3809	97	1099511627776	\N	\N	17	0	f
3810	97	8796093022208	\N	\N	18	0	f
3811	97	17592186044416	\N	\N	17	0	f
3812	97	8589934592	\N	\N	17	0	f
3813	97	2199023255552	\N	\N	18	0	f
3814	97	17179869184	\N	\N	17	0	f
3815	97	35184372088832	\N	\N	17	0	f
3816	97	140737488355328	\N	\N	18	0	f
3817	97	4398046511104	\N	\N	17	0	f
3818	97	1	\N	\N	13	0	f
3819	97	65536	\N	\N	17	0	f
3820	97	131072	\N	\N	18	0	f
3821	97	262144	\N	\N	17	0	f
3822	97	33554432	\N	\N	18	0	f
3823	97	524288	\N	\N	17	0	f
3824	97	1048576	\N	\N	17	0	f
3825	97	2097152	\N	\N	17	0	f
3826	97	4194304	\N	\N	17	0	f
3827	97	8388608	\N	\N	18	0	f
3828	97	16777216	\N	\N	18	0	f
3829	97	67108864	\N	\N	17	0	f
3830	97	134217728	\N	\N	18	0	f
3831	97	268435456	\N	\N	17	0	f
3832	97	536870912	\N	\N	18	0	f
3833	97	24576	\N	\N	13	0	f
3834	97	48	\N	\N	13	0	f
3835	97	1536	\N	\N	13	0	f
3836	97	98304	\N	\N	13	0	f
3837	97	196608	\N	\N	13	0	f
3838	97	28672	\N	\N	13	0	f
3839	97	1792	\N	\N	13	0	f
3840	97	62	\N	\N	13	0	f
3841	97	1984	\N	\N	13	0	f
4485	11	140737488355328	\N	\N	17	0	f
3770	97	2251799813685248	\N	\N	13	0	f
3791	97	2048	\N	\N	17	0	f
4486	11	281474976710656	\N	\N	17	0	f
4487	11	562949953421312	\N	\N	18	0	f
4488	11	1125899906842624	\N	\N	13	0	f
4489	11	2251799813685248	\N	\N	17	0	f
4490	11	4503599627370496	\N	\N	17	0	f
4491	11	9007199254740992	\N	\N	13	0	f
4492	11	18014398509481984	\N	\N	13	0	f
4493	11	36028797018963968	\N	\N	13	0	f
4494	11	72057594037927936	\N	\N	13	0	f
4495	11	144115188075855872	\N	\N	13	0	f
4496	11	288230376151711744	\N	\N	13	0	f
4497	11	576460752303423488	\N	\N	13	0	f
4498	11	1152921504606846976	\N	\N	13	0	f
4499	11	2305843009213693952	\N	\N	13	0	f
4500	11	4611686018427387904	\N	\N	13	0	f
4501	11	-9223372036854775808	\N	\N	13	0	f
4502	11	1536	\N	\N	13	0	f
4503	11	48	\N	\N	13	4	f
4504	11	12288	\N	\N	17	0	f
4505	11	98304	\N	\N	17	0	f
4506	11	402653184	\N	\N	18	0	f
4507	11	3221225472	\N	\N	18	0	f
4508	11	1792	\N	\N	13	0	f
4509	11	114688	\N	\N	18	0	f
4510	11	229376	\N	\N	18	0	f
4511	11	1984	\N	\N	13	0	f
4512	11	62	\N	\N	13	29	f
4513	11	2047	\N	\N	13	110	f
5034	173	1536	\N	\N	13	0	f
5035	173	48	\N	\N	13	0	f
5036	173	12288	\N	\N	17	0	f
5037	173	98304	\N	\N	17	0	f
5038	173	402653184	\N	\N	18	0	f
5039	173	3221225472	\N	\N	18	0	f
4514	155	9007199254740992	\N	\N	13	0	f
4515	155	18014398509481984	\N	\N	13	0.1	f
4516	155	36028797018963968	\N	\N	13	0.1	f
4517	155	72057594037927936	\N	\N	13	0.1	f
4518	155	144115188075855872	\N	\N	13	0	f
4519	155	288230376151711744	\N	\N	13	0.1	f
4520	155	576460752303423488	\N	\N	13	0.1	f
4521	155	1152921504606846976	\N	\N	13	0	f
4522	155	2305843009213693952	\N	\N	13	0.1	f
4523	155	-9223372036854775808	\N	\N	13	0.1	f
4524	155	4611686018427387904	\N	\N	13	0.1	f
4525	155	4096	\N	\N	17	0	f
4526	155	16384	\N	\N	17	0	f
4527	155	8192	\N	\N	17	0	f
4528	155	4	\N	\N	13	0	f
4529	155	8	\N	\N	13	0	f
4530	155	32	\N	\N	13	0	f
4531	155	16	\N	\N	13	0	f
4532	155	2	\N	\N	13	5	f
4533	155	2048	\N	\N	17	0	f
4534	155	128	\N	\N	13	0.1	f
4535	155	64	\N	\N	13	0	f
4536	155	256	\N	\N	13	0	f
4537	155	512	\N	\N	13	0	f
4538	155	1024	\N	\N	13	0	f
4539	155	4503599627370496	\N	\N	17	0.3	f
4540	155	2251799813685248	\N	\N	17	18.1	f
4541	155	1125899906842624	\N	\N	13	0	f
4542	155	281474976710656	\N	\N	17	0	f
4543	155	4294967296	\N	\N	17	48.2	f
4544	155	8589934592	\N	\N	17	0	f
4545	155	137438953472	\N	\N	18	0	f
4546	155	274877906944	\N	\N	18	0.1	f
4547	155	549755813888	\N	\N	18	3.9	f
4548	155	1099511627776	\N	\N	18	0	f
4549	155	2199023255552	\N	\N	17	0.8	f
4550	155	17179869184	\N	\N	17	39.1	f
4551	155	4398046511104	\N	\N	17	0.2	f
4552	155	35184372088832	\N	\N	18	0	f
4553	155	70368744177664	\N	\N	17	72.2	f
4554	155	34359738368	\N	\N	17	442.5	f
4555	155	8796093022208	\N	\N	18	0.9	f
4556	155	68719476736	\N	\N	17	6	f
4557	155	140737488355328	\N	\N	17	0	f
4558	155	562949953421312	\N	\N	18	0	f
4559	155	17592186044416	\N	\N	17	0.6	f
4560	155	1	\N	\N	13	2	f
4561	155	32768	\N	\N	17	0	f
4562	155	65536	\N	\N	17	0	f
4563	155	131072	\N	\N	18	0	f
4564	155	262144	\N	\N	17	0.1	f
4565	155	33554432	\N	\N	18	0	f
4566	155	524288	\N	\N	17	0.1	f
4567	155	1048576	\N	\N	17	0.3	f
4568	155	2097152	\N	\N	17	0	f
4569	155	4194304	\N	\N	17	0.1	f
4570	155	8388608	\N	\N	18	0	f
4571	155	16777216	\N	\N	18	21.1	f
4572	155	67108864	\N	\N	17	8.4	f
4573	155	134217728	\N	\N	18	0	f
4574	155	268435456	\N	\N	18	0	f
4575	155	536870912	\N	\N	17	0.1	f
4576	155	1073741824	\N	\N	18	0	f
4577	155	2147483648	\N	\N	18	0	f
4578	155	12288	\N	\N	17	0	f
4579	155	48	\N	\N	13	1.5	f
4580	155	1536	\N	\N	13	0.1	f
4581	155	98304	\N	\N	17	0	f
4582	155	402653184	\N	\N	18	0	f
4583	155	3221225472	\N	\N	18	49.4	f
4584	155	1792	\N	\N	13	0	f
4585	155	114688	\N	\N	18	0	f
4586	155	229376	\N	\N	18	15.1	f
4587	155	62	\N	\N	13	10.9	f
4588	155	1984	\N	\N	13	0.3	f
4589	155	2047	\N	\N	13	45.2	f
5040	173	1792	\N	\N	13	0	f
5041	173	114688	\N	\N	18	0	f
5042	173	229376	\N	\N	18	0	f
5043	173	1984	\N	\N	13	0	f
5044	173	62	\N	\N	13	0	f
5045	173	2047	\N	\N	13	30.4	f
5046	27	128	\N	\N	13	0	f
5047	27	256	\N	\N	13	0	f
5048	27	68719476736	\N	\N	17	0	f
5049	27	34359738368	\N	\N	17	0	f
5050	27	2	\N	\N	13	0	f
5051	27	1	\N	\N	13	0	f
5052	27	1125899906842624	\N	\N	13	0	f
5053	27	2251799813685248	\N	\N	17	0	f
5054	27	4503599627370496	\N	\N	17	0	f
5055	27	9007199254740992	\N	\N	13	0	f
5056	27	18014398509481984	\N	\N	13	0	f
5057	27	36028797018963968	\N	\N	13	0	f
5058	27	72057594037927936	\N	\N	13	0	f
5059	27	144115188075855872	\N	\N	13	0	f
5060	27	288230376151711744	\N	\N	13	0	f
5061	27	576460752303423488	\N	\N	13	0	f
5062	27	1152921504606846976	\N	\N	13	0	f
5063	27	2305843009213693952	\N	\N	13	0	f
5064	27	-9223372036854775808	\N	\N	13	0	f
5065	27	4611686018427387904	\N	\N	13	0	f
5066	27	4096	\N	\N	17	0	f
5067	27	16384	\N	\N	17	0	f
5068	27	8192	\N	\N	17	0	f
5069	27	4	\N	\N	13	0	f
5070	27	8	\N	\N	13	0	f
4590	77	128	\N	\N	13	2	f
4591	77	256	\N	\N	13	10	f
4592	77	68719476736	\N	\N	17	0.3	f
4593	77	34359738368	\N	\N	17	0.1	f
4594	77	2	\N	\N	13	0	f
4595	77	1	\N	\N	13	0	f
4596	77	9007199254740992	\N	\N	13	0	f
4597	77	18014398509481984	\N	\N	13	0	f
4598	77	36028797018963968	\N	\N	13	0	f
4599	77	72057594037927936	\N	\N	13	0	f
4600	77	144115188075855872	\N	\N	13	0	f
4601	77	288230376151711744	\N	\N	13	0	f
4602	77	576460752303423488	\N	\N	13	0	f
4603	77	1152921504606846976	\N	\N	13	0	f
4604	77	2305843009213693952	\N	\N	13	0	f
4605	77	-9223372036854775808	\N	\N	13	0	f
4606	77	4611686018427387904	\N	\N	13	0	f
4607	77	4096	\N	\N	17	0	f
4608	77	16384	\N	\N	17	0	f
4609	77	8192	\N	\N	17	0	f
4610	77	4	\N	\N	13	0	f
4611	77	8	\N	\N	13	0	f
4612	77	32	\N	\N	13	0	f
4613	77	16	\N	\N	13	0	f
4614	77	2048	\N	\N	17	0	f
4615	77	64	\N	\N	13	0	f
4616	77	512	\N	\N	13	0	f
4617	77	1024	\N	\N	13	0	f
4618	77	4503599627370496	\N	\N	17	0	f
4619	77	2251799813685248	\N	\N	17	0	f
4620	77	1125899906842624	\N	\N	13	0	f
4621	77	281474976710656	\N	\N	17	0	f
4622	77	4294967296	\N	\N	17	0.1	f
4623	77	8589934592	\N	\N	17	0	f
4624	77	137438953472	\N	\N	18	0	f
4625	77	274877906944	\N	\N	18	0	f
4626	77	549755813888	\N	\N	18	0	f
4627	77	1099511627776	\N	\N	18	0	f
4628	77	2199023255552	\N	\N	17	0.1	f
4629	77	17179869184	\N	\N	17	0	f
4630	77	4398046511104	\N	\N	17	0	f
4631	77	35184372088832	\N	\N	18	0	f
4632	77	70368744177664	\N	\N	17	0	f
4633	77	8796093022208	\N	\N	18	0	f
4634	77	140737488355328	\N	\N	17	0	f
4635	77	562949953421312	\N	\N	18	0	f
4636	77	17592186044416	\N	\N	17	0	f
4637	77	32768	\N	\N	17	0	f
4638	77	65536	\N	\N	17	0	f
4639	77	131072	\N	\N	18	0	f
4640	77	262144	\N	\N	17	0	f
4641	77	33554432	\N	\N	18	0	f
4642	77	524288	\N	\N	17	0	f
4643	77	1048576	\N	\N	17	0	f
4644	77	2097152	\N	\N	17	0	f
4645	77	4194304	\N	\N	17	0	f
4646	77	8388608	\N	\N	18	0	f
4647	77	16777216	\N	\N	18	0	f
4648	77	67108864	\N	\N	17	0	f
4649	77	134217728	\N	\N	18	0	f
4650	77	268435456	\N	\N	18	0	f
4651	77	536870912	\N	\N	17	2	f
4652	77	1073741824	\N	\N	18	0	f
4653	77	2147483648	\N	\N	18	0	f
4654	77	1536	\N	\N	13	1	f
4655	77	48	\N	\N	13	0	f
4656	77	12288	\N	\N	17	0	f
4657	77	98304	\N	\N	17	0	f
4658	77	402653184	\N	\N	18	0	f
4659	77	3221225472	\N	\N	18	8	f
4660	77	1792	\N	\N	13	0	f
4661	77	114688	\N	\N	18	0	f
4662	77	229376	\N	\N	18	0	f
4663	77	1984	\N	\N	13	14	f
4664	77	62	\N	\N	13	0	f
4665	77	2047	\N	\N	13	119	f
4666	3	128	\N	\N	13	0	f
4667	3	256	\N	\N	13	0	f
4668	3	68719476736	\N	\N	17	5	f
4669	3	34359738368	\N	\N	17	0	f
4670	3	2	\N	\N	13	0	f
4671	3	1	\N	\N	13	1	f
4672	3	9007199254740992	\N	\N	13	0	f
4673	3	18014398509481984	\N	\N	13	0	f
4674	3	36028797018963968	\N	\N	13	0	f
4675	3	72057594037927936	\N	\N	13	0	f
4676	3	144115188075855872	\N	\N	13	0	f
4677	3	288230376151711744	\N	\N	13	0	f
4678	3	576460752303423488	\N	\N	13	0	f
4679	3	1152921504606846976	\N	\N	13	0	f
4680	3	2305843009213693952	\N	\N	13	0	f
4681	3	-9223372036854775808	\N	\N	13	0	f
4682	3	4611686018427387904	\N	\N	13	0	f
4683	3	4096	\N	\N	17	0	f
4684	3	16384	\N	\N	17	0	f
4685	3	8192	\N	\N	17	0	f
4686	3	4	\N	\N	13	0	f
4687	3	8	\N	\N	13	0	f
4688	3	32	\N	\N	13	0	f
4689	3	16	\N	\N	13	0	f
4690	3	2048	\N	\N	17	0	f
4691	3	64	\N	\N	13	0	f
4692	3	512	\N	\N	13	0	f
4693	3	1024	\N	\N	13	0	f
4694	3	4503599627370496	\N	\N	17	0	f
4695	3	2251799813685248	\N	\N	17	0	f
4696	3	1125899906842624	\N	\N	13	0	f
4697	3	281474976710656	\N	\N	17	0	f
4698	3	4294967296	\N	\N	17	40	f
4699	3	8589934592	\N	\N	17	0	f
4700	3	137438953472	\N	\N	18	0	f
4701	3	274877906944	\N	\N	18	0	f
4702	3	549755813888	\N	\N	18	0	f
4703	3	1099511627776	\N	\N	18	0	f
4704	3	2199023255552	\N	\N	17	0.3	f
4705	3	17179869184	\N	\N	17	0	f
4706	3	4398046511104	\N	\N	17	0	f
4707	3	35184372088832	\N	\N	18	0	f
4708	3	70368744177664	\N	\N	17	0	f
4709	3	8796093022208	\N	\N	18	0	f
4710	3	140737488355328	\N	\N	17	0	f
4711	3	562949953421312	\N	\N	18	0	f
4712	3	17592186044416	\N	\N	17	0	f
4713	3	32768	\N	\N	17	0	f
4714	3	65536	\N	\N	17	0	f
4715	3	131072	\N	\N	18	0	f
4716	3	262144	\N	\N	17	0	f
4717	3	33554432	\N	\N	18	0	f
4718	3	524288	\N	\N	17	0	f
4719	3	1048576	\N	\N	17	0	f
4720	3	2097152	\N	\N	17	0	f
4721	3	4194304	\N	\N	17	0	f
4722	3	8388608	\N	\N	18	0	f
4723	3	16777216	\N	\N	18	0	f
4724	3	67108864	\N	\N	17	0	f
4725	3	134217728	\N	\N	18	0	f
4726	3	268435456	\N	\N	18	0	f
4727	3	536870912	\N	\N	17	0	f
4728	3	1073741824	\N	\N	18	0	f
4729	3	2147483648	\N	\N	18	0	f
4730	3	1536	\N	\N	13	0	f
4731	3	48	\N	\N	13	3	f
4732	3	12288	\N	\N	17	0	f
4733	3	98304	\N	\N	17	0	f
4734	3	402653184	\N	\N	18	0	f
4735	3	3221225472	\N	\N	18	0	f
4736	3	1792	\N	\N	13	0	f
4737	3	114688	\N	\N	18	0	f
4738	3	229376	\N	\N	18	0	f
4739	3	1984	\N	\N	13	0	f
4740	3	62	\N	\N	13	12	f
4741	3	2047	\N	\N	13	45	f
5071	27	32	\N	\N	13	0	f
5072	27	16	\N	\N	13	0	f
5073	27	2048	\N	\N	17	0	f
5074	27	64	\N	\N	13	0	f
5075	27	512	\N	\N	13	0	f
5076	27	1024	\N	\N	13	0	f
5077	27	281474976710656	\N	\N	17	0	f
5078	27	4294967296	\N	\N	17	0	f
5079	27	8589934592	\N	\N	17	0	f
5080	27	137438953472	\N	\N	18	0	f
5081	27	274877906944	\N	\N	18	0	f
5082	27	549755813888	\N	\N	18	0	f
5083	27	1099511627776	\N	\N	18	0	f
5084	27	2199023255552	\N	\N	17	0	f
5085	27	17179869184	\N	\N	17	0	f
5086	27	4398046511104	\N	\N	17	0	f
5087	27	35184372088832	\N	\N	18	0	f
5088	27	70368744177664	\N	\N	17	0	f
5089	27	8796093022208	\N	\N	18	0	f
5090	27	140737488355328	\N	\N	17	0	f
5091	27	562949953421312	\N	\N	18	0	f
5092	27	17592186044416	\N	\N	17	0	f
5093	27	32768	\N	\N	17	0	f
5094	27	65536	\N	\N	17	0	f
5095	27	131072	\N	\N	18	0	f
5096	27	262144	\N	\N	17	0	f
5097	27	33554432	\N	\N	18	0	f
5098	27	524288	\N	\N	17	0	f
5099	27	1048576	\N	\N	17	0	f
5100	27	2097152	\N	\N	17	0	f
5101	27	4194304	\N	\N	17	0	f
5102	27	8388608	\N	\N	18	0	f
5103	27	16777216	\N	\N	18	0	f
5104	27	67108864	\N	\N	17	0	f
5105	27	134217728	\N	\N	18	0	f
5106	27	268435456	\N	\N	18	0	f
5107	27	536870912	\N	\N	17	0	f
5108	27	1073741824	\N	\N	18	0	f
5109	27	2147483648	\N	\N	18	0	f
5110	27	1536	\N	\N	13	0	f
5111	27	48	\N	\N	13	0	f
5112	27	12288	\N	\N	17	0	f
5113	27	98304	\N	\N	17	0	f
5114	27	402653184	\N	\N	18	0	f
5115	27	3221225472	\N	\N	18	0	f
5116	27	1792	\N	\N	13	0	f
5117	27	114688	\N	\N	18	0	f
5118	27	229376	\N	\N	18	0	f
5119	27	1984	\N	\N	13	0	f
5120	27	62	\N	\N	13	0	f
5121	27	2047	\N	\N	13	50	f
4742	24	128	\N	\N	13	0	f
4743	24	256	\N	\N	13	0	f
4744	24	68719476736	\N	\N	17	70	f
4745	24	34359738368	\N	\N	17	340	f
4746	24	2	\N	\N	13	0	f
4747	24	1	\N	\N	13	27	f
4748	24	9007199254740992	\N	\N	13	0	f
4749	24	18014398509481984	\N	\N	13	0	f
4750	24	36028797018963968	\N	\N	13	0	f
4751	24	72057594037927936	\N	\N	13	0	f
4752	24	144115188075855872	\N	\N	13	0	f
4753	24	288230376151711744	\N	\N	13	0	f
4754	24	576460752303423488	\N	\N	13	0	f
4755	24	1152921504606846976	\N	\N	13	0	f
4756	24	2305843009213693952	\N	\N	13	0	f
4757	24	-9223372036854775808	\N	\N	13	0	f
4758	24	4611686018427387904	\N	\N	13	0	f
4759	24	4096	\N	\N	17	0	f
4760	24	16384	\N	\N	17	0	f
4761	24	8192	\N	\N	17	0	f
4762	24	4	\N	\N	13	0	f
4763	24	8	\N	\N	13	0	f
4764	24	32	\N	\N	13	0	f
4765	24	16	\N	\N	13	0	f
4766	24	2048	\N	\N	17	75	f
4767	24	64	\N	\N	13	0	f
4768	24	512	\N	\N	13	0	f
4769	24	1024	\N	\N	13	0	f
4770	24	4503599627370496	\N	\N	17	0	f
4771	24	2251799813685248	\N	\N	17	0	f
4772	24	1125899906842624	\N	\N	13	0	f
4773	24	281474976710656	\N	\N	17	0	f
4774	24	4294967296	\N	\N	17	80	f
4775	24	8589934592	\N	\N	17	0	f
4776	24	137438953472	\N	\N	18	0	f
4777	24	274877906944	\N	\N	18	0	f
4778	24	549755813888	\N	\N	18	0	f
4779	24	1099511627776	\N	\N	18	0	f
4780	24	2199023255552	\N	\N	17	0.4	f
4781	24	17179869184	\N	\N	17	0	f
4782	24	4398046511104	\N	\N	17	0	f
4783	24	35184372088832	\N	\N	18	0	f
4784	24	70368744177664	\N	\N	17	0	f
4785	24	8796093022208	\N	\N	18	0	f
4786	24	140737488355328	\N	\N	17	0	f
4787	24	562949953421312	\N	\N	18	0	f
4788	24	17592186044416	\N	\N	17	0	f
4789	24	32768	\N	\N	17	0	f
4790	24	65536	\N	\N	17	0	f
4791	24	131072	\N	\N	18	0	f
4792	24	262144	\N	\N	17	0	f
4793	24	33554432	\N	\N	18	0	f
4794	24	524288	\N	\N	17	0	f
4795	24	1048576	\N	\N	17	0	f
4796	24	2097152	\N	\N	17	0	f
4797	24	4194304	\N	\N	17	0	f
4798	24	8388608	\N	\N	18	0	f
4799	24	16777216	\N	\N	18	0	f
4800	24	67108864	\N	\N	17	0	f
4801	24	134217728	\N	\N	18	0	f
4802	24	268435456	\N	\N	18	0	f
4803	24	536870912	\N	\N	17	0	f
4804	24	1073741824	\N	\N	18	0	f
4805	24	2147483648	\N	\N	18	0	f
4806	24	1536	\N	\N	13	0	f
4807	24	48	\N	\N	13	0	f
4808	24	12288	\N	\N	17	0	f
4809	24	98304	\N	\N	17	0	f
4810	24	402653184	\N	\N	18	0	f
4811	24	3221225472	\N	\N	18	0	f
4812	24	1792	\N	\N	13	0	f
4813	24	114688	\N	\N	18	0	f
4814	24	229376	\N	\N	18	0	f
4815	24	1984	\N	\N	13	2	f
4816	24	62	\N	\N	13	0	f
4817	24	2047	\N	\N	13	120	f
4818	1	128	\N	\N	13	0.1	f
4819	1	256	\N	\N	13	0	f
4820	1	68719476736	\N	\N	17	1.8	f
4821	1	34359738368	\N	\N	17	194.7	f
4822	1	2	\N	\N	13	18.9	f
4823	1	1	\N	\N	13	0.5	f
4824	1	9007199254740992	\N	\N	13	0	f
4825	1	18014398509481984	\N	\N	13	0	f
4826	1	36028797018963968	\N	\N	13	0	f
4827	1	72057594037927936	\N	\N	13	0	f
4828	1	144115188075855872	\N	\N	13	0	f
4829	1	288230376151711744	\N	\N	13	0	f
4830	1	576460752303423488	\N	\N	13	0	f
4831	1	1152921504606846976	\N	\N	13	0	f
4832	1	2305843009213693952	\N	\N	13	0	f
4833	1	-9223372036854775808	\N	\N	13	0	f
4834	1	4611686018427387904	\N	\N	13	0	f
4835	1	4096	\N	\N	17	0	f
4836	1	16384	\N	\N	17	0	f
4837	1	8192	\N	\N	17	0	f
4838	1	4	\N	\N	13	0	f
4839	1	8	\N	\N	13	0	f
4840	1	32	\N	\N	13	0	f
4841	1	16	\N	\N	13	0	f
4842	1	2048	\N	\N	17	0	f
4843	1	64	\N	\N	13	0	f
4844	1	512	\N	\N	13	0	f
4845	1	1024	\N	\N	13	0	f
4846	1	4503599627370496	\N	\N	17	0.2	f
4847	1	2251799813685248	\N	\N	17	6.2	f
4848	1	1125899906842624	\N	\N	13	0	f
4849	1	281474976710656	\N	\N	17	0	f
4850	1	4294967296	\N	\N	17	10.9	f
4851	1	8589934592	\N	\N	17	0	f
4852	1	137438953472	\N	\N	18	0	f
4853	1	274877906944	\N	\N	18	0	f
4854	1	549755813888	\N	\N	18	6	f
4855	1	1099511627776	\N	\N	18	0	f
4856	1	2199023255552	\N	\N	17	0.2	f
4857	1	17179869184	\N	\N	17	9.1	f
4858	1	4398046511104	\N	\N	17	0.1	f
4859	1	35184372088832	\N	\N	18	0	f
4860	1	70368744177664	\N	\N	17	20	f
4861	1	8796093022208	\N	\N	18	0	f
4862	1	140737488355328	\N	\N	17	0	f
4863	1	562949953421312	\N	\N	18	0	f
4864	1	17592186044416	\N	\N	17	0.1	f
4865	1	32768	\N	\N	17	0	f
4866	1	65536	\N	\N	17	0	f
4867	1	131072	\N	\N	18	0	f
4868	1	262144	\N	\N	17	0	f
4869	1	33554432	\N	\N	18	0	f
4870	1	524288	\N	\N	17	0	f
4871	1	1048576	\N	\N	17	0.2	f
4872	1	2097152	\N	\N	17	0	f
4873	1	4194304	\N	\N	17	0.1	f
4874	1	8388608	\N	\N	18	0	f
4875	1	16777216	\N	\N	18	5.5	f
4876	1	67108864	\N	\N	17	8.4	f
4877	1	134217728	\N	\N	18	0	f
4878	1	268435456	\N	\N	18	0	f
4879	1	536870912	\N	\N	17	0.3	f
4880	1	1073741824	\N	\N	18	0	f
4881	1	2147483648	\N	\N	18	0	f
4882	1	1536	\N	\N	13	0.1	f
4883	1	48	\N	\N	13	4.4	f
4884	1	12288	\N	\N	17	0	f
4885	1	98304	\N	\N	17	0	f
4886	1	402653184	\N	\N	18	0	f
4887	1	3221225472	\N	\N	18	4	f
4888	1	1792	\N	\N	13	0	f
4889	1	114688	\N	\N	18	0	f
4890	1	229376	\N	\N	18	5.5	f
4891	1	1984	\N	\N	13	0.3	f
4892	1	62	\N	\N	13	25.1	f
4893	1	2047	\N	\N	13	94.6	f
4063	104	2251799813685248	\N	\N	13	0	f
4064	104	4503599627370496	\N	\N	13	0	f
4065	104	9007199254740992	\N	\N	13	0	f
4066	104	18014398509481984	\N	\N	13	0	f
4067	104	36028797018963968	\N	\N	13	0	f
4068	104	72057594037927936	\N	\N	13	0	f
4069	104	144115188075855872	\N	\N	13	0	f
4070	104	288230376151711744	\N	\N	13	0	f
4071	104	576460752303423488	\N	\N	13	0	f
4072	104	4611686018427387904	\N	\N	13	0	f
4073	104	2305843009213693952	\N	\N	13	0	f
4074	104	1152921504606846976	\N	\N	13	0	f
4075	104	2048	\N	\N	17	0	f
4076	104	16384	\N	\N	17	0	f
4077	104	8192	\N	\N	17	0	f
4078	104	4096	\N	\N	17	0	f
4079	104	4	\N	\N	13	0	f
4080	104	8	\N	\N	13	0	f
4081	104	32	\N	\N	13	0	f
4082	104	16	\N	\N	13	0	f
4083	104	2	\N	\N	13	0	f
4084	104	-9223372036854775808	\N	\N	17	40	f
4085	104	128	\N	\N	13	0	f
4086	104	64	\N	\N	13	0	f
4087	104	256	\N	\N	13	0	f
4088	104	512	\N	\N	13	0	f
4089	104	1024	\N	\N	13	0	f
4090	104	562949953421312	\N	\N	17	0	f
4091	104	281474976710656	\N	\N	17	0	f
4092	104	1125899906842624	\N	\N	13	0	f
4093	104	70368744177664	\N	\N	17	0	f
4094	104	1073741824	\N	\N	17	0	f
4095	104	2147483648	\N	\N	17	0	f
4096	104	34359738368	\N	\N	18	0	f
4097	104	68719476736	\N	\N	18	0	f
4098	104	137438953472	\N	\N	18	0	f
4099	104	274877906944	\N	\N	18	0	f
4100	104	549755813888	\N	\N	17	0	f
4101	104	4294967296	\N	\N	17	0	f
4102	104	1099511627776	\N	\N	17	0	f
4103	104	8796093022208	\N	\N	18	0	f
4104	104	17592186044416	\N	\N	17	0	f
4105	104	8589934592	\N	\N	17	0	f
4106	104	2199023255552	\N	\N	18	0	f
4107	104	17179869184	\N	\N	17	0	f
4108	104	35184372088832	\N	\N	17	0	f
4109	104	140737488355328	\N	\N	18	0	f
4110	104	4398046511104	\N	\N	17	0	f
4111	104	1	\N	\N	13	0	f
4112	104	32768	\N	\N	17	0	f
4113	104	65536	\N	\N	17	0	f
4114	104	131072	\N	\N	18	0	f
4115	104	262144	\N	\N	17	0	f
4116	104	33554432	\N	\N	18	0	f
4117	104	524288	\N	\N	17	0	f
4118	104	1048576	\N	\N	17	0	f
4119	104	2097152	\N	\N	17	0	f
4120	104	4194304	\N	\N	17	0	f
4121	104	8388608	\N	\N	18	0	f
4122	104	16777216	\N	\N	18	0	f
4123	104	67108864	\N	\N	17	0	f
4124	104	134217728	\N	\N	18	0	f
4125	104	268435456	\N	\N	17	0	f
4126	104	536870912	\N	\N	18	0	f
4127	104	12288	\N	\N	17	0	f
4128	104	48	\N	\N	13	0	f
4129	104	1536	\N	\N	13	0	f
4130	104	98304	\N	\N	17	0	f
4131	104	14336	\N	\N	17	0	f
4132	104	1792	\N	\N	13	0	f
4134	104	229376	\N	\N	18	0	f
4135	104	62	\N	\N	13	0	f
4136	104	1984	\N	\N	13	0	f
4133	104	114688	\N	\N	18	0	f
4894	55	128	\N	\N	13	0	f
4895	55	256	\N	\N	13	0	f
4896	55	68719476736	\N	\N	17	0	f
4897	55	34359738368	\N	\N	17	0	f
4898	55	2	\N	\N	13	0	f
4899	55	1	\N	\N	13	0	f
4900	55	1125899906842624	\N	\N	13	0	f
4901	55	2251799813685248	\N	\N	17	0	f
4902	55	4503599627370496	\N	\N	17	0	f
4903	55	9007199254740992	\N	\N	13	0	f
4904	55	18014398509481984	\N	\N	13	0	f
4905	55	36028797018963968	\N	\N	13	0	f
4906	55	72057594037927936	\N	\N	13	0	f
4907	55	144115188075855872	\N	\N	13	0	f
4908	55	288230376151711744	\N	\N	13	0	f
4909	55	576460752303423488	\N	\N	13	0	f
4910	55	1152921504606846976	\N	\N	13	0	f
4911	55	2305843009213693952	\N	\N	13	0	f
4912	55	-9223372036854775808	\N	\N	13	0	f
4913	55	4611686018427387904	\N	\N	13	0	f
4914	55	4096	\N	\N	17	0	f
4915	55	16384	\N	\N	17	0	f
4916	55	8192	\N	\N	17	0	f
4917	55	4	\N	\N	13	0	f
4918	55	8	\N	\N	13	0	f
4919	55	32	\N	\N	13	0	f
4920	55	16	\N	\N	13	0	f
4921	55	2048	\N	\N	17	0	f
4922	55	64	\N	\N	13	0	f
4923	55	512	\N	\N	13	0	f
4924	55	1024	\N	\N	13	0	f
4925	55	281474976710656	\N	\N	17	0	f
4926	55	4294967296	\N	\N	17	0	f
4137	126	9007199254740992	\N	\N	13	0	f
4138	126	18014398509481984	\N	\N	13	0	f
4139	126	36028797018963968	\N	\N	13	0	f
4140	126	72057594037927936	\N	\N	13	0	f
4141	126	144115188075855872	\N	\N	13	0	f
4142	126	288230376151711744	\N	\N	13	0	f
4143	126	576460752303423488	\N	\N	13	0	f
4144	126	1152921504606846976	\N	\N	13	0	f
4145	126	2305843009213693952	\N	\N	13	0	f
4146	126	-9223372036854775808	\N	\N	13	0	f
4147	126	4611686018427387904	\N	\N	13	0	f
4148	126	4096	\N	\N	17	0	f
4149	126	16384	\N	\N	17	0	f
4150	126	8192	\N	\N	17	0	f
4151	126	4	\N	\N	13	0	f
4152	126	8	\N	\N	13	0	f
4153	126	32	\N	\N	13	0	f
4154	126	16	\N	\N	13	0	f
4155	126	2	\N	\N	13	0	f
4156	126	2048	\N	\N	17	55	f
4157	126	128	\N	\N	13	2.5	f
4158	126	64	\N	\N	13	0	f
4159	126	256	\N	\N	13	0	f
4160	126	512	\N	\N	13	0	f
4161	126	1024	\N	\N	13	0	f
4162	126	4503599627370496	\N	\N	17	0	f
4163	126	2251799813685248	\N	\N	17	0	f
4164	126	1125899906842624	\N	\N	13	0	f
4165	126	281474976710656	\N	\N	17	0	f
4166	126	4294967296	\N	\N	17	100	f
4167	126	8589934592	\N	\N	17	0	f
4168	126	137438953472	\N	\N	18	0	f
4169	126	274877906944	\N	\N	18	0	f
4170	126	549755813888	\N	\N	18	0	f
4171	126	1099511627776	\N	\N	18	0	f
4172	126	2199023255552	\N	\N	17	0.2	f
4173	126	17179869184	\N	\N	17	0	f
4174	126	4398046511104	\N	\N	17	0	f
4175	126	35184372088832	\N	\N	18	0	f
4176	126	70368744177664	\N	\N	17	0	f
4177	126	34359738368	\N	\N	17	350	f
4178	126	8796093022208	\N	\N	18	0	f
4179	126	68719476736	\N	\N	17	880	f
4180	126	140737488355328	\N	\N	17	0	f
4181	126	562949953421312	\N	\N	18	0	f
4182	126	17592186044416	\N	\N	17	0	f
4183	126	1	\N	\N	13	18	f
4184	126	32768	\N	\N	17	0	f
4185	126	65536	\N	\N	17	0	f
4186	126	131072	\N	\N	18	0	f
4187	126	262144	\N	\N	17	0	f
4188	126	33554432	\N	\N	18	0	f
4189	126	524288	\N	\N	17	0	f
4190	126	1048576	\N	\N	17	0	f
4191	126	2097152	\N	\N	17	0	f
4192	126	4194304	\N	\N	17	0	f
4193	126	8388608	\N	\N	18	0	f
4194	126	16777216	\N	\N	18	0	f
4195	126	67108864	\N	\N	17	0	f
4196	126	134217728	\N	\N	18	0	f
4197	126	268435456	\N	\N	18	0	f
4198	126	536870912	\N	\N	17	0	f
4199	126	1073741824	\N	\N	18	0	f
4200	126	2147483648	\N	\N	18	0	f
4201	126	12288	\N	\N	17	0	f
4202	126	48	\N	\N	13	0	f
4203	126	1536	\N	\N	13	0	f
4204	126	98304	\N	\N	17	0	f
4205	126	402653184	\N	\N	18	0	f
4206	126	3221225472	\N	\N	18	0	f
4207	126	1792	\N	\N	13	0	f
4208	126	114688	\N	\N	18	0	f
4209	126	229376	\N	\N	18	0	f
4210	126	62	\N	\N	13	0	f
4211	126	1984	\N	\N	13	7	f
4212	101	9007199254740992	\N	\N	13	0	f
4213	101	18014398509481984	\N	\N	13	0	f
4214	101	36028797018963968	\N	\N	13	0	f
4215	101	72057594037927936	\N	\N	13	0	f
4216	101	144115188075855872	\N	\N	13	0	f
4217	101	288230376151711744	\N	\N	13	0	f
4218	101	576460752303423488	\N	\N	13	0	f
4219	101	1152921504606846976	\N	\N	13	0	f
4220	101	2305843009213693952	\N	\N	13	0	f
4221	101	-9223372036854775808	\N	\N	13	0	f
4222	101	4611686018427387904	\N	\N	13	0	f
4223	101	4096	\N	\N	17	0	f
4224	101	16384	\N	\N	17	0	f
4225	101	8192	\N	\N	17	0	f
4226	101	4	\N	\N	13	0	f
4227	101	8	\N	\N	13	0	f
4228	101	32	\N	\N	13	0	f
4229	101	16	\N	\N	13	0	f
4230	101	2	\N	\N	13	0	f
4231	101	2048	\N	\N	17	0	f
4927	55	8589934592	\N	\N	17	0	f
4233	101	64	\N	\N	13	0	f
4928	55	137438953472	\N	\N	18	0	f
4235	101	512	\N	\N	13	0	f
4236	101	1024	\N	\N	13	0	f
4237	101	4503599627370496	\N	\N	17	0	f
4238	101	2251799813685248	\N	\N	17	0	f
4239	101	1125899906842624	\N	\N	13	0	f
4240	101	281474976710656	\N	\N	17	0	f
4241	101	4294967296	\N	\N	17	0	f
4242	101	8589934592	\N	\N	17	0	f
4243	101	137438953472	\N	\N	18	0	f
4929	55	274877906944	\N	\N	18	0	f
4930	55	549755813888	\N	\N	18	0	f
4931	55	1099511627776	\N	\N	18	0	f
4932	55	2199023255552	\N	\N	17	0	f
4933	55	17179869184	\N	\N	17	0	f
4934	55	4398046511104	\N	\N	17	0	f
4935	55	35184372088832	\N	\N	18	0	f
4936	55	70368744177664	\N	\N	17	0	f
4937	55	8796093022208	\N	\N	18	0	f
4938	55	140737488355328	\N	\N	17	0	f
4939	55	562949953421312	\N	\N	18	0	f
4940	55	17592186044416	\N	\N	17	0	f
4941	55	32768	\N	\N	17	0	f
4942	55	65536	\N	\N	17	0	f
4943	55	131072	\N	\N	18	0	f
4944	55	262144	\N	\N	17	0	f
4945	55	33554432	\N	\N	18	0	f
4946	55	524288	\N	\N	17	0	f
4947	55	1048576	\N	\N	17	0	f
4948	55	2097152	\N	\N	17	0	f
4949	55	4194304	\N	\N	17	0	f
4950	55	8388608	\N	\N	18	0	f
4951	55	16777216	\N	\N	18	0	f
4952	55	67108864	\N	\N	17	0	f
4953	55	134217728	\N	\N	18	0	f
4954	55	268435456	\N	\N	18	0	f
4955	55	536870912	\N	\N	17	0	f
4956	55	1073741824	\N	\N	18	0	f
4957	55	2147483648	\N	\N	18	0	f
4958	55	1536	\N	\N	13	0	f
4959	55	48	\N	\N	13	0	f
4960	55	12288	\N	\N	17	0	f
4961	55	98304	\N	\N	17	0	f
4962	55	402653184	\N	\N	18	0	f
4963	55	3221225472	\N	\N	18	0	f
4964	55	1792	\N	\N	13	0	f
4965	55	114688	\N	\N	18	0	f
4966	55	229376	\N	\N	18	0	f
4967	55	1984	\N	\N	13	0	f
4968	55	62	\N	\N	13	0	f
4969	55	2047	\N	\N	13	131.1	f
4970	173	128	\N	\N	13	0	f
4971	173	256	\N	\N	13	0	f
4972	173	68719476736	\N	\N	17	0	f
4973	173	34359738368	\N	\N	17	0	f
4974	173	2	\N	\N	13	0	f
4975	173	1	\N	\N	13	0	f
4976	173	1125899906842624	\N	\N	13	0	f
4977	173	2251799813685248	\N	\N	17	0	f
4244	101	274877906944	\N	\N	18	0	f
4245	101	549755813888	\N	\N	18	0	f
4246	101	1099511627776	\N	\N	18	0	f
4247	101	2199023255552	\N	\N	17	0	f
4248	101	17179869184	\N	\N	17	0	f
4249	101	4398046511104	\N	\N	17	0	f
4250	101	35184372088832	\N	\N	18	0	f
4251	101	70368744177664	\N	\N	17	0	f
4252	101	34359738368	\N	\N	17	0	f
4253	101	8796093022208	\N	\N	18	0	f
4254	101	68719476736	\N	\N	17	0	f
4255	101	140737488355328	\N	\N	17	0	f
4256	101	562949953421312	\N	\N	18	0	f
4257	101	17592186044416	\N	\N	17	0	f
4258	101	1	\N	\N	13	0	f
4259	101	32768	\N	\N	17	0	f
4260	101	65536	\N	\N	17	0	f
4261	101	131072	\N	\N	18	0	f
4262	101	262144	\N	\N	17	0	f
4263	101	33554432	\N	\N	18	0	f
4264	101	524288	\N	\N	17	0	f
4265	101	1048576	\N	\N	17	0	f
4266	101	2097152	\N	\N	17	0	f
4267	101	4194304	\N	\N	17	0	f
4268	101	8388608	\N	\N	18	0	f
4269	101	16777216	\N	\N	18	0	f
4270	101	67108864	\N	\N	17	0	f
4271	101	134217728	\N	\N	18	0	f
4272	101	268435456	\N	\N	18	0	f
4274	101	1073741824	\N	\N	18	0	f
4275	101	2147483648	\N	\N	18	0	f
4276	101	12288	\N	\N	17	0	f
4277	101	48	\N	\N	13	0	f
4279	101	98304	\N	\N	17	0	f
4280	101	402653184	\N	\N	18	0	f
4282	101	1792	\N	\N	13	0	f
4283	101	114688	\N	\N	18	0	f
4284	101	229376	\N	\N	18	0	f
4285	101	62	\N	\N	13	0	f
4273	101	536870912	\N	\N	17	0.2	f
4278	101	1536	\N	\N	13	5.7	f
4286	101	1984	\N	\N	13	5	f
4281	101	3221225472	\N	\N	18	1.9	f
4978	173	4503599627370496	\N	\N	17	0	f
4979	173	9007199254740992	\N	\N	13	0	f
4980	173	18014398509481984	\N	\N	13	0	f
4981	173	36028797018963968	\N	\N	13	0	f
4982	173	72057594037927936	\N	\N	13	0	f
4983	173	144115188075855872	\N	\N	13	0	f
4984	173	288230376151711744	\N	\N	13	0	f
4985	173	576460752303423488	\N	\N	13	0	f
4986	173	1152921504606846976	\N	\N	13	0	f
4987	173	2305843009213693952	\N	\N	13	0	f
4988	173	-9223372036854775808	\N	\N	13	0	f
4989	173	4611686018427387904	\N	\N	13	0	f
4990	173	4096	\N	\N	17	0	f
4991	173	16384	\N	\N	17	0	f
4992	173	8192	\N	\N	17	0	f
4993	173	4	\N	\N	13	0	f
4994	173	8	\N	\N	13	0	f
4995	173	32	\N	\N	13	0	f
4996	173	16	\N	\N	13	0	f
4997	173	2048	\N	\N	17	0	f
4998	173	64	\N	\N	13	0	f
4999	173	512	\N	\N	13	0	f
5000	173	1024	\N	\N	13	0	f
5001	173	281474976710656	\N	\N	17	0	f
5002	173	4294967296	\N	\N	17	0	f
5003	173	8589934592	\N	\N	17	0	f
5004	173	137438953472	\N	\N	18	0	f
5005	173	274877906944	\N	\N	18	0	f
5006	173	549755813888	\N	\N	18	0	f
5007	173	1099511627776	\N	\N	18	0	f
5008	173	2199023255552	\N	\N	17	0	f
5009	173	17179869184	\N	\N	17	0	f
5010	173	4398046511104	\N	\N	17	0	f
5011	173	35184372088832	\N	\N	18	0	f
5012	173	70368744177664	\N	\N	17	0	f
5013	173	8796093022208	\N	\N	18	0	f
5014	173	140737488355328	\N	\N	17	0	f
5015	173	562949953421312	\N	\N	18	0	f
5016	173	17592186044416	\N	\N	17	0	f
5017	173	32768	\N	\N	17	0	f
5018	173	65536	\N	\N	17	0	f
5019	173	131072	\N	\N	18	0	f
5020	173	262144	\N	\N	17	0	f
5021	173	33554432	\N	\N	18	0	f
5022	173	524288	\N	\N	17	0	f
5023	173	1048576	\N	\N	17	0	f
5024	173	2097152	\N	\N	17	0	f
5025	173	4194304	\N	\N	17	0	f
5026	173	8388608	\N	\N	18	0	f
5027	173	16777216	\N	\N	18	0	f
5028	173	67108864	\N	\N	17	0	f
5029	173	134217728	\N	\N	18	0	f
5030	173	268435456	\N	\N	18	0	f
5031	173	536870912	\N	\N	17	0	f
5032	173	1073741824	\N	\N	18	0	f
5033	173	2147483648	\N	\N	18	0	f
\.


--
-- Name: footnote_Id_seq; Type: SEQUENCE SET; Schema: public; Owner: -
--

SELECT pg_catalog.setval('public."footnote_Id_seq"', 1, true);


--
-- Name: nutrient_Id_seq; Type: SEQUENCE SET; Schema: public; Owner: -
--

SELECT pg_catalog.setval('public."nutrient_Id_seq"', 5121, true);


--
-- Name: __EFMigrationsHistory PK___EFMigrationsHistory; Type: CONSTRAINT; Schema: public; Owner: -
--

ALTER TABLE ONLY public."__EFMigrationsHistory"
    ADD CONSTRAINT "PK___EFMigrationsHistory" PRIMARY KEY ("MigrationId");


--
-- Name: footnote PK_footnote; Type: CONSTRAINT; Schema: public; Owner: -
--

ALTER TABLE ONLY public.footnote
    ADD CONSTRAINT "PK_footnote" PRIMARY KEY ("Id");


--
-- Name: ingredient PK_ingredient; Type: CONSTRAINT; Schema: public; Owner: -
--

ALTER TABLE ONLY public.ingredient
    ADD CONSTRAINT "PK_ingredient" PRIMARY KEY ("Id");


--
-- Name: nutrient PK_nutrient; Type: CONSTRAINT; Schema: public; Owner: -
--

ALTER TABLE ONLY public.nutrient
    ADD CONSTRAINT "PK_nutrient" PRIMARY KEY ("Id");


--
-- Name: recipe PK_recipe; Type: CONSTRAINT; Schema: public; Owner: -
--

ALTER TABLE ONLY public.recipe
    ADD CONSTRAINT "PK_recipe" PRIMARY KEY ("Id");


--
-- Name: recipe_ingredient PK_recipe_ingredient; Type: CONSTRAINT; Schema: public; Owner: -
--

ALTER TABLE ONLY public.recipe_ingredient
    ADD CONSTRAINT "PK_recipe_ingredient" PRIMARY KEY ("Id");


--
-- Name: recipe_instruction PK_recipe_instruction; Type: CONSTRAINT; Schema: public; Owner: -
--

ALTER TABLE ONLY public.recipe_instruction
    ADD CONSTRAINT "PK_recipe_instruction" PRIMARY KEY ("Id");


--
-- Name: user PK_user; Type: CONSTRAINT; Schema: public; Owner: -
--

ALTER TABLE ONLY public."user"
    ADD CONSTRAINT "PK_user" PRIMARY KEY ("Id");


--
-- Name: user_email PK_user_email; Type: CONSTRAINT; Schema: public; Owner: -
--

ALTER TABLE ONLY public.user_email
    ADD CONSTRAINT "PK_user_email" PRIMARY KEY ("Id");


--
-- Name: user_family PK_user_family; Type: CONSTRAINT; Schema: public; Owner: -
--

ALTER TABLE ONLY public.user_family
    ADD CONSTRAINT "PK_user_family" PRIMARY KEY ("Id");


--
-- Name: user_feast PK_user_feast; Type: CONSTRAINT; Schema: public; Owner: -
--

ALTER TABLE ONLY public.user_feast
    ADD CONSTRAINT "PK_user_feast" PRIMARY KEY ("Id");


--
-- Name: user_feast_recipe PK_user_feast_recipe; Type: CONSTRAINT; Schema: public; Owner: -
--

ALTER TABLE ONLY public.user_feast_recipe
    ADD CONSTRAINT "PK_user_feast_recipe" PRIMARY KEY ("Id");


--
-- Name: user_footnote PK_user_footnote; Type: CONSTRAINT; Schema: public; Owner: -
--

ALTER TABLE ONLY public.user_footnote
    ADD CONSTRAINT "PK_user_footnote" PRIMARY KEY ("Id");


--
-- Name: user_ingredient PK_user_ingredient; Type: CONSTRAINT; Schema: public; Owner: -
--

ALTER TABLE ONLY public.user_ingredient
    ADD CONSTRAINT "PK_user_ingredient" PRIMARY KEY ("UserId", "IngredientId");


--
-- Name: user_nutrient PK_user_nutrient; Type: CONSTRAINT; Schema: public; Owner: -
--

ALTER TABLE ONLY public.user_nutrient
    ADD CONSTRAINT "PK_user_nutrient" PRIMARY KEY ("UserId", "Nutrient");


--
-- Name: user_recipe PK_user_recipe; Type: CONSTRAINT; Schema: public; Owner: -
--

ALTER TABLE ONLY public.user_recipe
    ADD CONSTRAINT "PK_user_recipe" PRIMARY KEY ("UserId", "RecipeId");


--
-- Name: user_serving PK_user_serving; Type: CONSTRAINT; Schema: public; Owner: -
--

ALTER TABLE ONLY public.user_serving
    ADD CONSTRAINT "PK_user_serving" PRIMARY KEY ("UserId", "Section");


--
-- Name: user_token PK_user_token; Type: CONSTRAINT; Schema: public; Owner: -
--

ALTER TABLE ONLY public.user_token
    ADD CONSTRAINT "PK_user_token" PRIMARY KEY ("Id");


--
-- Name: IX_ingredient_ParentId; Type: INDEX; Schema: public; Owner: -
--

CREATE INDEX "IX_ingredient_ParentId" ON public.ingredient USING btree ("ParentId");


--
-- Name: IX_ingredient_UserId; Type: INDEX; Schema: public; Owner: -
--

CREATE INDEX "IX_ingredient_UserId" ON public.ingredient USING btree ("UserId");


--
-- Name: IX_nutrient_IngredientId; Type: INDEX; Schema: public; Owner: -
--

CREATE INDEX "IX_nutrient_IngredientId" ON public.nutrient USING btree ("IngredientId");


--
-- Name: IX_recipe_UserId; Type: INDEX; Schema: public; Owner: -
--

CREATE INDEX "IX_recipe_UserId" ON public.recipe USING btree ("UserId");


--
-- Name: IX_recipe_ingredient_IngredientId; Type: INDEX; Schema: public; Owner: -
--

CREATE INDEX "IX_recipe_ingredient_IngredientId" ON public.recipe_ingredient USING btree ("IngredientId");


--
-- Name: IX_recipe_ingredient_RecipeId; Type: INDEX; Schema: public; Owner: -
--

CREATE INDEX "IX_recipe_ingredient_RecipeId" ON public.recipe_ingredient USING btree ("RecipeId");


--
-- Name: IX_recipe_instruction_RecipeId; Type: INDEX; Schema: public; Owner: -
--

CREATE INDEX "IX_recipe_instruction_RecipeId" ON public.recipe_instruction USING btree ("RecipeId");


--
-- Name: IX_user_Email; Type: INDEX; Schema: public; Owner: -
--

CREATE UNIQUE INDEX "IX_user_Email" ON public."user" USING btree ("Email");


--
-- Name: IX_user_email_UserId; Type: INDEX; Schema: public; Owner: -
--

CREATE INDEX "IX_user_email_UserId" ON public.user_email USING btree ("UserId");


--
-- Name: IX_user_family_UserId; Type: INDEX; Schema: public; Owner: -
--

CREATE INDEX "IX_user_family_UserId" ON public.user_family USING btree ("UserId");


--
-- Name: IX_user_feast_UserId; Type: INDEX; Schema: public; Owner: -
--

CREATE INDEX "IX_user_feast_UserId" ON public.user_feast USING btree ("UserId");


--
-- Name: IX_user_feast_recipe_RecipeId; Type: INDEX; Schema: public; Owner: -
--

CREATE INDEX "IX_user_feast_recipe_RecipeId" ON public.user_feast_recipe USING btree ("RecipeId");


--
-- Name: IX_user_feast_recipe_UserFeastId; Type: INDEX; Schema: public; Owner: -
--

CREATE INDEX "IX_user_feast_recipe_UserFeastId" ON public.user_feast_recipe USING btree ("UserFeastId");


--
-- Name: IX_user_footnote_UserId; Type: INDEX; Schema: public; Owner: -
--

CREATE INDEX "IX_user_footnote_UserId" ON public.user_footnote USING btree ("UserId");


--
-- Name: IX_user_ingredient_IngredientId; Type: INDEX; Schema: public; Owner: -
--

CREATE INDEX "IX_user_ingredient_IngredientId" ON public.user_ingredient USING btree ("IngredientId");


--
-- Name: IX_user_ingredient_SubstituteIngredientId; Type: INDEX; Schema: public; Owner: -
--

CREATE INDEX "IX_user_ingredient_SubstituteIngredientId" ON public.user_ingredient USING btree ("SubstituteIngredientId");


--
-- Name: IX_user_recipe_RecipeId; Type: INDEX; Schema: public; Owner: -
--

CREATE INDEX "IX_user_recipe_RecipeId" ON public.user_recipe USING btree ("RecipeId");


--
-- Name: IX_user_token_UserId_Token; Type: INDEX; Schema: public; Owner: -
--

CREATE INDEX "IX_user_token_UserId_Token" ON public.user_token USING btree ("UserId", "Token");


--
-- Name: ingredient FK_ingredient_ingredient_ParentId; Type: FK CONSTRAINT; Schema: public; Owner: -
--

ALTER TABLE ONLY public.ingredient
    ADD CONSTRAINT "FK_ingredient_ingredient_ParentId" FOREIGN KEY ("ParentId") REFERENCES public.ingredient("Id");


--
-- Name: ingredient FK_ingredient_user_UserId; Type: FK CONSTRAINT; Schema: public; Owner: -
--

ALTER TABLE ONLY public.ingredient
    ADD CONSTRAINT "FK_ingredient_user_UserId" FOREIGN KEY ("UserId") REFERENCES public."user"("Id");


--
-- Name: nutrient FK_nutrient_ingredient_IngredientId; Type: FK CONSTRAINT; Schema: public; Owner: -
--

ALTER TABLE ONLY public.nutrient
    ADD CONSTRAINT "FK_nutrient_ingredient_IngredientId" FOREIGN KEY ("IngredientId") REFERENCES public.ingredient("Id");


--
-- Name: recipe_ingredient FK_recipe_ingredient_ingredient_IngredientId; Type: FK CONSTRAINT; Schema: public; Owner: -
--

ALTER TABLE ONLY public.recipe_ingredient
    ADD CONSTRAINT "FK_recipe_ingredient_ingredient_IngredientId" FOREIGN KEY ("IngredientId") REFERENCES public.ingredient("Id") ON DELETE CASCADE;


--
-- Name: recipe_ingredient FK_recipe_ingredient_recipe_RecipeId; Type: FK CONSTRAINT; Schema: public; Owner: -
--

ALTER TABLE ONLY public.recipe_ingredient
    ADD CONSTRAINT "FK_recipe_ingredient_recipe_RecipeId" FOREIGN KEY ("RecipeId") REFERENCES public.recipe("Id") ON DELETE CASCADE;


--
-- Name: recipe_instruction FK_recipe_instruction_recipe_RecipeId; Type: FK CONSTRAINT; Schema: public; Owner: -
--

ALTER TABLE ONLY public.recipe_instruction
    ADD CONSTRAINT "FK_recipe_instruction_recipe_RecipeId" FOREIGN KEY ("RecipeId") REFERENCES public.recipe("Id") ON DELETE CASCADE;


--
-- Name: recipe FK_recipe_user_UserId; Type: FK CONSTRAINT; Schema: public; Owner: -
--

ALTER TABLE ONLY public.recipe
    ADD CONSTRAINT "FK_recipe_user_UserId" FOREIGN KEY ("UserId") REFERENCES public."user"("Id");


--
-- Name: user_email FK_user_email_user_UserId; Type: FK CONSTRAINT; Schema: public; Owner: -
--

ALTER TABLE ONLY public.user_email
    ADD CONSTRAINT "FK_user_email_user_UserId" FOREIGN KEY ("UserId") REFERENCES public."user"("Id") ON DELETE CASCADE;


--
-- Name: user_family FK_user_family_user_UserId; Type: FK CONSTRAINT; Schema: public; Owner: -
--

ALTER TABLE ONLY public.user_family
    ADD CONSTRAINT "FK_user_family_user_UserId" FOREIGN KEY ("UserId") REFERENCES public."user"("Id") ON DELETE CASCADE;


--
-- Name: user_feast_recipe FK_user_feast_recipe_recipe_RecipeId; Type: FK CONSTRAINT; Schema: public; Owner: -
--

ALTER TABLE ONLY public.user_feast_recipe
    ADD CONSTRAINT "FK_user_feast_recipe_recipe_RecipeId" FOREIGN KEY ("RecipeId") REFERENCES public.recipe("Id") ON DELETE CASCADE;


--
-- Name: user_feast_recipe FK_user_feast_recipe_user_feast_UserFeastId; Type: FK CONSTRAINT; Schema: public; Owner: -
--

ALTER TABLE ONLY public.user_feast_recipe
    ADD CONSTRAINT "FK_user_feast_recipe_user_feast_UserFeastId" FOREIGN KEY ("UserFeastId") REFERENCES public.user_feast("Id") ON DELETE CASCADE;


--
-- Name: user_feast FK_user_feast_user_UserId; Type: FK CONSTRAINT; Schema: public; Owner: -
--

ALTER TABLE ONLY public.user_feast
    ADD CONSTRAINT "FK_user_feast_user_UserId" FOREIGN KEY ("UserId") REFERENCES public."user"("Id") ON DELETE CASCADE;


--
-- Name: user_footnote FK_user_footnote_user_UserId; Type: FK CONSTRAINT; Schema: public; Owner: -
--

ALTER TABLE ONLY public.user_footnote
    ADD CONSTRAINT "FK_user_footnote_user_UserId" FOREIGN KEY ("UserId") REFERENCES public."user"("Id") ON DELETE CASCADE;


--
-- Name: user_ingredient FK_user_ingredient_ingredient_IngredientId; Type: FK CONSTRAINT; Schema: public; Owner: -
--

ALTER TABLE ONLY public.user_ingredient
    ADD CONSTRAINT "FK_user_ingredient_ingredient_IngredientId" FOREIGN KEY ("IngredientId") REFERENCES public.ingredient("Id") ON DELETE CASCADE;


--
-- Name: user_ingredient FK_user_ingredient_ingredient_SubstituteIngredientId; Type: FK CONSTRAINT; Schema: public; Owner: -
--

ALTER TABLE ONLY public.user_ingredient
    ADD CONSTRAINT "FK_user_ingredient_ingredient_SubstituteIngredientId" FOREIGN KEY ("SubstituteIngredientId") REFERENCES public.ingredient("Id") ON DELETE CASCADE;


--
-- Name: user_ingredient FK_user_ingredient_user_UserId; Type: FK CONSTRAINT; Schema: public; Owner: -
--

ALTER TABLE ONLY public.user_ingredient
    ADD CONSTRAINT "FK_user_ingredient_user_UserId" FOREIGN KEY ("UserId") REFERENCES public."user"("Id") ON DELETE CASCADE;


--
-- Name: user_nutrient FK_user_nutrient_user_UserId; Type: FK CONSTRAINT; Schema: public; Owner: -
--

ALTER TABLE ONLY public.user_nutrient
    ADD CONSTRAINT "FK_user_nutrient_user_UserId" FOREIGN KEY ("UserId") REFERENCES public."user"("Id") ON DELETE CASCADE;


--
-- Name: user_recipe FK_user_recipe_recipe_RecipeId; Type: FK CONSTRAINT; Schema: public; Owner: -
--

ALTER TABLE ONLY public.user_recipe
    ADD CONSTRAINT "FK_user_recipe_recipe_RecipeId" FOREIGN KEY ("RecipeId") REFERENCES public.recipe("Id") ON DELETE CASCADE;


--
-- Name: user_recipe FK_user_recipe_user_UserId; Type: FK CONSTRAINT; Schema: public; Owner: -
--

ALTER TABLE ONLY public.user_recipe
    ADD CONSTRAINT "FK_user_recipe_user_UserId" FOREIGN KEY ("UserId") REFERENCES public."user"("Id") ON DELETE CASCADE;


--
-- Name: user_serving FK_user_serving_user_UserId; Type: FK CONSTRAINT; Schema: public; Owner: -
--

ALTER TABLE ONLY public.user_serving
    ADD CONSTRAINT "FK_user_serving_user_UserId" FOREIGN KEY ("UserId") REFERENCES public."user"("Id") ON DELETE CASCADE;


--
-- Name: user_token FK_user_token_user_UserId; Type: FK CONSTRAINT; Schema: public; Owner: -
--

ALTER TABLE ONLY public.user_token
    ADD CONSTRAINT "FK_user_token_user_UserId" FOREIGN KEY ("UserId") REFERENCES public."user"("Id") ON DELETE CASCADE;


--
-- PostgreSQL database dump complete
--

